Rk,Player,Nation,Pos,Squad,Age,Born,MP,Starts,Min,90s,Gls,Ast,G+A,G-PK,PK,PKatt,CrdY,CrdR,xG,npxG,xAG,npxG+xAG,PrgC,PrgP,PrgR,Gls_1,Ast_2,G+A_3,G-PK_4,G+A-PK,xG_5,xAG_6,xG+xAG,npxG_7,npxG+xAG_8
1,Luis Abram,pe PER,DF,Granada,25,1996,8,6,560,6.2,0,0,0,0,0,0,2,0,0.3,0.3,0,0.3,1,10,1,0,0,0,0,0,0.05,0,0.05,0.05,0.05
2,Marcos Acuña,ar ARG,DF,Sevilla,29,1991,31,26,2260,25.1,1,3,4,1,0,0,10,0,1.2,1.2,2.9,4.1,73,131,153,0.04,0.12,0.16,0.04,0.16,0.05,0.11,0.16,0.05,0.16
3,Martin Agirregabiria,es ESP,DF,Alavés,25,1996,24,17,1616,18,0,1,1,0,0,0,4,0,0.2,0.2,0.7,0.8,15,57,40,0,0.06,0.06,0,0.06,0.01,0.04,0.05,0.01,0.05
4,Julen Agirrezabala,es ESP,GK,Athletic Club,20,2000,4,4,360,4,0,0,0,0,0,0,0,0,0,0,0,0,0,0,0,0,0,0,0,0,0,0,0,0,0
5,Sergio Agüero,ar ARG,FW,Barcelona,33,1988,4,2,151,1.7,1,0,1,1,0,0,0,0,1,1,0.1,1.1,4,3,13,0.6,0,0.6,0.6,0.6,0.61,0.07,0.68,0.61,0.68
6,Álvaro Aguirre,es ESP,FW,Rayo Vallecano,21,2000,1,0,9,0.1,0,0,0,0,0,0,0,0,0,0,0,0,0,0,0,0,0,0,0,0,0,0,0,0,0
7,Joseph Aidoo,gh GHA,DF,Celta Vigo,25,1995,32,30,2637,29.3,0,0,0,0,0,0,1,0,0.3,0.3,0.3,0.6,25,110,3,0,0,0,0,0,0.01,0.01,0.02,0.01,0.02
8,Carlos Akapo,gq EQG,DF,Cádiz,28,1993,25,21,1844,20.5,0,0,0,0,0,0,4,0,0.5,0.5,0.3,0.8,35,51,52,0,0,0,0,0,0.02,0.02,0.04,0.02,0.04
9,Ilias Akhomach,es ESP,FW,Barcelona,17,2004,2,2,124,1.4,0,0,0,0,0,0,0,0,0.1,0.1,0.6,0.7,7,11,13,0,0,0,0,0,0.11,0.43,0.54,0.11,0.54
10,Paul Akouokou,ci CIV,MF,Betis,23,1997,8,6,516,5.7,0,0,0,0,0,0,2,1,0,0,0.1,0.1,3,30,5,0,0,0,0,0,0.01,0.02,0.03,0.01,0.03
11,David Alaba,at AUT,DF,Real Madrid,29,1992,30,30,2642,29.4,2,3,5,2,0,0,2,0,1.6,1.6,2.2,3.8,40,154,76,0.07,0.1,0.17,0.07,0.17,0.06,0.07,0.13,0.06,0.13
12,Tomás Alarcón,cl CHI,MF,Cádiz,22,1999,23,16,1425,15.8,0,1,1,0,0,0,5,0,1.1,1.1,1.1,2.2,6,55,13,0,0.06,0.06,0,0.06,0.07,0.07,0.14,0.07,0.14
13,Jordi Alba,es ESP,DF,Barcelona,32,1989,30,30,2644,29.4,2,10,12,2,0,0,11,0,1.5,1.5,7.1,8.7,47,291,213,0.07,0.34,0.41,0.07,0.41,0.05,0.24,0.29,0.05,0.29
14,Raúl Albiol,es ESP,DF,Villarreal,35,1985,28,28,2465,27.4,0,0,0,0,0,0,8,0,0.4,0.4,0.1,0.5,11,90,0,0,0,0,0,0,0.01,0,0.02,0.01,0.02
15,Paco Alcácer,es ESP,FW,Villarreal,27,1993,18,10,787,8.7,1,3,4,1,0,0,1,0,3.9,3.9,1.6,5.5,4,10,45,0.11,0.34,0.46,0.11,0.46,0.45,0.19,0.63,0.45,0.63
16,Rubén Alcaraz,es ESP,MF,Cádiz,30,1991,14,12,1105,12.3,2,0,2,2,0,0,7,0,1.3,1.3,0.9,2.3,26,87,21,0.16,0,0.16,0.16,0.16,0.11,0.08,0.18,0.11,0.18
17,Omar Alderete,py PAR,DF,Valencia,24,1996,29,28,2403,26.7,2,0,2,2,0,0,15,0,0.8,0.8,0.1,1,17,89,3,0.07,0,0.07,0.07,0.07,0.03,0.01,0.04,0.03,0.04
18,Iván Alejo,es ESP,MFFW,Cádiz,26,1995,20,11,1065,11.8,2,2,4,2,0,0,7,0,1.4,1.4,1.8,3.2,63,25,88,0.17,0.17,0.34,0.17,0.34,0.12,0.15,0.27,0.12,0.27
19,Carles Aleñá,es ESP,MF,Getafe,23,1998,33,30,2320,25.8,1,2,3,1,0,0,6,1,1.8,1.8,1.3,3.1,33,81,65,0.04,0.08,0.12,0.04,0.12,0.07,0.05,0.12,0.07,0.12
20,Mircea Alexandru Tirlea,ro ROU,DF,Alavés,21,2000,1,0,15,0.2,0,0,0,0,0,0,0,0,0,0,0,0,0,0,0,0,0,0,0,0,0,0,0,0,0
21,Hugo Álvarez,es ESP,FW,Celta Vigo,18,2003,1,0,11,0.1,0,0,0,0,0,0,0,0,0.2,0.2,0,0.2,0,0,0,0,0,0,0,0,1.39,0,1.39,1.39,1.39
22,Yeray Álvarez,es ESP,DF,Athletic Club,26,1995,22,21,1860,20.7,0,0,0,0,0,0,6,0,0.5,0.5,0.1,0.6,16,64,4,0,0,0,0,0,0.02,0.01,0.03,0.02,0.03
23,Dani Alves,br BRA,DF,Barcelona,38,1983,14,13,1098,12.2,1,3,4,1,0,0,2,1,0.3,0.3,2.3,2.5,33,72,25,0.08,0.25,0.33,0.08,0.33,0.02,0.19,0.21,0.02,0.21
24,Emmanuel Amankwaa Akurugu,gh GHA,DF,Getafe,19,2001,3,1,79,0.9,0,1,1,0,0,0,0,0,0,0,0.1,0.1,5,4,6,0,1.14,1.14,0,1.14,0.03,0.1,0.13,0.03,0.13
25,Amath,sn SEN,FWMF,Mallorca,25,1996,19,9,884,9.8,0,1,1,0,0,0,5,0,1.4,1.4,0.9,2.3,18,19,58,0,0.1,0.1,0,0.1,0.14,0.1,0.23,0.14,0.23
26,Florin Andone,ro ROU,FW,Cádiz,28,1993,5,1,176,2,0,0,0,0,0,0,1,0,0.2,0.2,0.1,0.3,0,2,11,0,0,0,0,0,0.12,0.05,0.16,0.12,0.16
27,José Ángel,es ESP,DF,Osasuna,31,1989,23,12,1083,12,1,1,2,1,0,0,2,1,0.2,0.2,1.5,1.7,22,98,35,0.08,0.08,0.17,0.08,0.17,0.02,0.13,0.14,0.02,0.14
28,Josep Antoni Gayá,es ESP,DF,Mallorca,21,2000,1,1,58,0.6,0,0,0,0,0,0,0,0,0,0,0,0,1,0,0,0,0,0,0,0,0,0,0,0,0
29,Mauro Arambarri,uy URU,MF,Getafe,25,1995,31,31,2663,29.6,0,5,5,0,0,0,13,0,1.2,1.2,2.2,3.3,32,79,47,0,0.17,0.17,0,0.17,0.04,0.07,0.11,0.04,0.11
30,Néstor Araujo,mx MEX,DF,Celta Vigo,29,1991,34,29,2617,29.1,0,0,0,0,0,0,4,0,0.3,0.3,0.2,0.5,47,83,3,0,0,0,0,0,0.01,0.01,0.02,0.01,0.02
31,Ronald Araújo,uy URU,DF,Barcelona,22,1999,30,25,2272,25.2,4,0,4,4,0,0,6,0,1.5,1.5,1.2,2.8,30,91,14,0.16,0,0.16,0.16,0.16,0.06,0.05,0.11,0.06,0.11
32,Jesús Areso,es ESP,DF,Osasuna,22,1999,3,2,188,2.1,0,0,0,0,0,0,1,0,0,0,0,0,3,3,5,0,0,0,0,0,0,0.02,0.02,0,0.02
33,Matias Arezo,uy URU,FWMF,Granada,18,2002,8,1,162,1.8,0,0,0,0,0,0,1,0,1,1,0.3,1.3,4,3,14,0,0,0,0,0,0.56,0.17,0.73,0.56,0.73
34,Santiago Arias,co COL,DF,Granada,29,1992,12,4,440,4.9,1,0,1,1,0,0,1,0,0.7,0.7,0.4,1.2,5,11,21,0.2,0,0.2,0.2,0.2,0.15,0.09,0.24,0.15,0.24
35,Santiago Arzamendia,py PAR,MF,Cádiz,23,1998,14,5,469,5.2,1,0,1,1,0,0,2,0,0.2,0.2,0,0.3,9,3,23,0.19,0,0.19,0.19,0.19,0.04,0.01,0.05,0.04,0.05
36,Sergio Asenjo,es ESP,GK,Villarreal,32,1989,6,6,540,6,0,0,0,0,0,0,1,0,0,0,0,0,0,0,0,0,0,0,0,0,0,0,0,0,0
37,Alejandro Asensio,es ESP,FW,Rayo Vallecano,20,2000,2,0,12,0.1,0,0,0,0,0,0,0,0,0,0,0,0.1,0,1,0,0,0,0,0,0,0.22,0.17,0.38,0.22,0.38
38,Marco Asensio,es ESP,FWMF,Real Madrid,25,1996,31,19,1731,19.2,10,0,10,10,0,0,2,0,7.5,7.5,2.4,9.9,56,80,143,0.52,0,0.52,0.52,0.52,0.39,0.13,0.52,0.39,0.52
39,Iago Aspas,es ESP,FW,Celta Vigo,33,1987,37,36,3087,34.3,18,5,23,15,3,5,9,0,14.1,10.2,5.9,16.1,112,108,296,0.52,0.15,0.67,0.44,0.58,0.41,0.17,0.58,0.3,0.47
40,Pierre-Emerick Aubameyang,ga GAB,FW,Barcelona,32,1989,17,13,1082,12,11,1,12,11,0,0,0,0,7.8,7.8,1.1,8.9,16,16,79,0.91,0.08,1,0.91,1,0.65,0.09,0.74,0.65,0.74
41,Ludwig Augustinsson,se SWE,DFFW,Sevilla,27,1994,19,9,793,8.8,0,1,1,0,0,0,3,0,0.4,0.4,0.8,1.2,12,19,46,0,0.11,0.11,0,0.11,0.04,0.09,0.13,0.04,0.13
42,Serge Aurier,ci CIV,DF,Villarreal,28,1992,19,10,1010,11.2,0,1,1,0,0,0,4,0,0.8,0.8,1.4,2.3,21,59,53,0,0.09,0.09,0,0.09,0.07,0.13,0.2,0.07,0.2
43,Ezequiel Ávila,ar ARG,FWMF,Osasuna,27,1994,36,22,1870,20.8,6,1,7,5,1,1,9,1,4.3,3.5,1.6,5.2,32,47,117,0.29,0.05,0.34,0.24,0.29,0.21,0.08,0.29,0.17,0.25
44,Iddrisu Baba,gh GHA,MF,Mallorca,25,1996,26,23,1934,21.5,1,0,1,1,0,0,9,0,1.4,1.4,0.6,2,14,73,6,0.05,0,0.05,0.05,0.05,0.06,0.03,0.09,0.06,0.09
45,Carlos Bacca,co COL,FW,Granada,34,1986,17,4,513,5.7,0,1,1,0,0,0,3,0,0.9,0.9,1.3,2.2,7,10,20,0,0.18,0.18,0,0.18,0.15,0.23,0.38,0.15,0.38
46,Édgar Badía,es ESP,GK,Elche,29,1992,24,24,2160,24,0,0,0,0,0,0,2,0,0,0,0,0,0,0,0,0,0,0,0,0,0,0,0,0,0
47,Miguel Baeza,es ESP,DF,Celta Vigo,21,2000,1,0,2,0,0,0,0,0,0,0,0,0,0,0,0,0,2,0,0,0,0,0,0,0,0,0,0,0,0
48,Alejandro Balde,es ESP,DFFW,Barcelona,17,2003,5,2,188,2.1,0,0,0,0,0,0,0,0,0,0,0,0.1,9,7,23,0,0,0,0,0,0.01,0.02,0.03,0.01,0.03
49,Gareth Bale,wls WAL,FW,Real Madrid,32,1989,5,4,280,3.1,1,0,1,1,0,0,2,0,1.2,1.2,0.1,1.3,6,8,10,0.32,0,0.32,0.32,0.32,0.39,0.03,0.42,0.39,0.42
50,Mikel Balenziaga,es ESP,DF,Athletic Club,33,1988,26,23,2027,22.5,0,0,0,0,0,0,2,0,0.1,0.1,0.4,0.5,29,68,66,0,0,0,0,0,0.01,0.02,0.02,0.01,0.02
51,Iván Balliu,al ALB,DF,Rayo Vallecano,29,1992,35,35,3147,35,1,2,3,1,0,0,10,1,0.9,0.9,3.5,4.4,84,134,132,0.03,0.06,0.09,0.03,0.09,0.02,0.1,0.13,0.02,0.13
52,Barbero,es ESP,FWMF,Osasuna,22,1998,6,0,21,0.2,0,0,0,0,0,0,0,0,0,0,0,0,0,1,3,0,0,0,0,0,0,0,0,0,0
53,Barcia,es ESP,DF,Granada,20,2000,1,1,75,0.8,0,0,0,0,0,0,0,0,0,0,0,0,1,0,0,0,0,0,0,0,0,0,0,0,0
54,Enis Bardhi,mk MKD,MFFW,Levante,26,1995,30,17,1701,18.9,3,3,6,1,2,2,3,0,3.9,2.2,3,5.3,41,103,105,0.16,0.16,0.32,0.05,0.21,0.2,0.16,0.37,0.12,0.28
55,Keidi Bare,al ALB,MF,Espanyol,23,1997,25,18,1481,16.5,1,1,2,1,0,0,9,0,0.3,0.3,0.5,0.8,20,67,15,0.06,0.06,0.12,0.06,0.12,0.02,0.03,0.05,0.02,0.05
56,Kike Barja,es ESP,MFFW,Osasuna,24,1997,21,9,865,9.6,2,0,2,2,0,0,2,0,1.5,1.5,0.5,2,34,35,92,0.21,0,0.21,0.21,0.21,0.16,0.05,0.21,0.16,0.21
57,Antonio Barragán,es ESP,DF,Elche,34,1987,16,12,1020,11.3,0,0,0,0,0,0,5,0,0,0,0.1,0.1,7,41,30,0,0,0,0,0,0,0,0.01,0,0.01
58,Ander Barrenetxea,es ESP,FWMF,Real Sociedad,19,2001,11,6,547,6.1,1,1,2,1,0,0,0,0,0.5,0.5,0.8,1.3,20,22,72,0.16,0.16,0.33,0.16,0.33,0.08,0.14,0.22,0.08,0.22
59,Marc Bartra,es ESP,DF,Betis,30,1991,23,23,1993,22.1,1,0,1,1,0,0,5,0,1.6,1.6,0.1,1.7,14,59,5,0.05,0,0.05,0.05,0.05,0.07,0,0.08,0.07,0.08
60,Álvaro Bastida,es ESP,MF,Cádiz,17,2004,6,2,197,2.2,0,0,0,0,0,0,1,0,0,0,0,0,0,5,0,0,0,0,0,0,0,0,0,0,0
61,Rodrigo Battaglia,ar ARG,MF,Mallorca,30,1991,26,12,1179,13.1,0,0,0,0,0,0,4,0,0.4,0.4,0.1,0.5,19,41,2,0,0,0,0,0,0.03,0,0.04,0.03,0.04
62,Jon Bautista,es ESP,MF,Real Sociedad,26,1995,1,0,45,0.5,0,0,0,0,0,0,0,0,0.1,0.1,0,0.1,0,1,1,0,0,0,0,0,0.15,0,0.15,0.15,0.15
63,Bebé,cv CPV,FW,Rayo Vallecano,31,1990,29,6,867,9.6,1,2,3,1,0,0,2,0,1.7,1.7,1.8,3.4,54,10,80,0.1,0.21,0.31,0.1,0.31,0.17,0.18,0.36,0.17,0.36
64,Héctor Bellerín,es ESP,DF,Betis,26,1995,23,22,1979,22,0,2,2,0,0,0,2,1,0.5,0.5,2.1,2.7,43,75,103,0,0.09,0.09,0,0.09,0.02,0.1,0.12,0.02,0.12
65,Fran Beltrán,es ESP,MF,Celta Vigo,22,1999,37,31,2597,28.9,1,0,1,1,0,0,4,0,0.4,0.4,0.3,0.7,18,131,22,0.03,0,0.03,0.03,0.03,0.01,0.01,0.02,0.01,0.02
66,Darío Benedetto,ar ARG,FWMF,Elche,31,1990,14,6,590,6.6,2,1,3,2,0,0,1,0,2,2,0.9,2.9,6,14,25,0.31,0.15,0.46,0.31,0.46,0.31,0.13,0.44,0.31,0.44
67,Iker Benito,es ESP,FWMF,Osasuna,18,2002,4,1,118,1.3,0,0,0,0,0,0,1,0,0.1,0.1,0.1,0.2,2,3,7,0,0,0,0,0,0.06,0.09,0.15,0.06,0.15
68,Pedro Benito,es ESP,FW,Cádiz,21,2000,1,0,31,0.3,0,0,0,0,0,0,0,0,0,0,0,0,1,0,1,0,0,0,0,0,0,0,0,0,0
69,Karim Benzema,fr FRA,FW,Real Madrid,33,1987,32,31,2593,28.8,27,12,39,20,7,11,0,0,23.7,15.1,7.9,23,88,177,252,0.94,0.42,1.35,0.69,1.11,0.83,0.28,1.1,0.52,0.8
70,Yuri Berchiche,es ESP,DF,Athletic Club,31,1990,14,11,1015,11.3,1,2,3,1,0,0,3,0,0.4,0.4,1.2,1.5,33,64,46,0.09,0.18,0.27,0.09,0.27,0.03,0.1,0.14,0.03,0.14
71,Álex Berenguer,es ESP,MF,Athletic Club,26,1995,34,24,2168,24.1,3,6,9,3,0,1,8,0,5.2,4.5,5.4,9.9,59,77,202,0.12,0.25,0.37,0.12,0.37,0.22,0.23,0.44,0.19,0.41
72,Pedro Bigas,es ESP,DF,Elche,30,1990,19,19,1551,17.2,1,0,1,1,0,0,6,0,0.6,0.6,0.3,0.9,14,59,5,0.06,0,0.06,0.06,0.06,0.03,0.02,0.05,0.03,0.05
73,Blanco,es ESP,MF,Real Madrid,21,2000,1,0,31,0.3,0,0,0,0,0,0,0,0,0,0,0,0,1,1,0,0,0,0,0,0,0,0,0,0,0
74,Yassine Bounou,ma MAR,GK,Sevilla,30,1991,31,31,2790,31,0,2,2,0,0,0,2,0,0,0,0.6,0.6,0,0,0,0,0.06,0.06,0,0.06,0,0.02,0.02,0,0.02
75,Lucas Boyé,ar ARG,FW,Elche,25,1996,24,22,1713,19,7,3,10,7,0,0,3,0,4.6,4.6,2,6.5,37,37,89,0.37,0.16,0.53,0.37,0.53,0.24,0.1,0.34,0.24,0.34
76,Martin Braithwaite,dk DEN,FW,Barcelona,30,1991,4,3,235,2.6,2,1,3,2,0,0,0,0,0.9,0.9,1.2,2.1,5,4,24,0.77,0.38,1.15,0.77,1.15,0.33,0.46,0.79,0.33,0.79
77,Darko Brašanac,rs SRB,MF,Osasuna,29,1992,35,27,2405,26.7,1,2,3,1,0,0,8,0,1.5,1.5,1.7,3.2,42,103,167,0.04,0.07,0.11,0.04,0.11,0.06,0.06,0.12,0.06,0.12
78,Claudio Bravo,cl CHI,GK,Betis,38,1983,17,17,1456,16.2,0,0,0,0,0,0,2,0,0,0,0.1,0.1,0,0,0,0,0,0,0,0,0,0.01,0.01,0,0.01
79,Yan Brice Eteki,cm CMR,MF,Granada,23,1997,12,2,343,3.8,0,0,0,0,0,0,3,0,0,0,0,0,2,17,0,0,0,0,0,0,0,0,0.01,0,0.01
80,Bryan,es ESP,MFFW,Valencia,20,2001,13,9,753,8.4,0,1,1,0,0,0,3,0,1.4,1.4,1.5,2.8,22,26,64,0,0.12,0.12,0,0.12,0.16,0.18,0.34,0.16,0.34
81,Ante Budimir,hr CRO,FW,Osasuna,30,1991,28,20,1738,19.3,8,2,10,6,2,2,3,0,8.3,6.8,0.7,7.5,19,23,90,0.41,0.1,0.52,0.31,0.41,0.43,0.04,0.47,0.35,0.39
82,Sergio Busquets,es ESP,MF,Barcelona,33,1988,36,36,3198,35.5,2,0,2,2,0,0,12,0,0.6,0.6,1.7,2.3,24,291,36,0.06,0,0.06,0.06,0.06,0.02,0.05,0.07,0.02,0.07
83,Adrián Butzke,es ESP,FW,Granada,22,1999,1,0,1,0,0,0,0,0,0,0,0,0,0,0,0,0,0,0,0,0,0,0,0,0,0,0,0,0,0
84,Erick Cabaco,uy URU,DF,Getafe,26,1995,10,5,403,4.5,0,1,1,0,0,0,4,1,0.1,0.1,0.4,0.5,3,13,1,0,0.22,0.22,0,0.22,0.01,0.09,0.1,0.01,0.1
85,Leandro Cabrera,uy URU,DF,Espanyol,30,1991,37,37,3330,37,2,0,2,2,0,0,7,0,1.1,1.1,0.7,1.8,5,107,5,0.05,0,0.05,0.05,0.05,0.03,0.02,0.05,0.03,0.05
86,Martín Cáceres,uy URU,DF,Levante,34,1987,10,9,663,7.4,0,0,0,0,0,0,2,0,0,0,0.1,0.1,9,31,5,0,0,0,0,0,0,0.02,0.02,0,0.02
87,Cala,es ESP,DF,Cádiz,31,1989,14,10,947,10.5,0,0,0,0,0,0,8,1,0.7,0.7,0.5,1.2,0,8,2,0,0,0,0,0,0.06,0.05,0.11,0.06,0.11
88,Calderón,es ESP,DF,Betis,21,2000,1,0,65,0.7,0,0,0,0,0,0,0,0,0,0,0.1,0.1,5,2,4,0,0,0,0,0,0,0.09,0.09,0,0.09
89,Fernando Calero,es ESP,DF,Espanyol,25,1995,16,13,1090,12.1,0,0,0,0,0,0,3,0,0.2,0.2,0.1,0.3,2,24,2,0,0,0,0,0,0.01,0.01,0.02,0.01,0.02
90,Víctor Camarasa,es ESP,MFFW,Betis,27,1994,7,0,108,1.2,0,0,0,0,0,0,0,0,0,0,0,0,0,5,4,0,0,0,0,0,0.02,0,0.02,0.02,0.02
91,Eduardo Camavinga,fr FRA,MF,Real Madrid,18,2002,26,13,1236,13.7,2,1,3,2,0,0,8,0,1.2,1.2,1,2.2,30,79,33,0.15,0.07,0.22,0.15,0.22,0.09,0.07,0.16,0.09,0.16
92,José Campaña,es ESP,MF,Levante,28,1993,20,16,1422,15.8,2,2,4,2,0,1,6,1,1.5,0.6,1.1,1.7,37,133,55,0.13,0.13,0.25,0.13,0.25,0.09,0.07,0.16,0.03,0.11
93,Sergio Canales,es ESP,FWMF,Betis,30,1991,34,33,2791,31,5,8,13,5,0,0,6,0,4.1,4.1,5.6,9.8,99,238,166,0.16,0.26,0.42,0.16,0.42,0.13,0.18,0.31,0.13,0.31
94,Álex Cantero,es ESP,FWMF,Levante,21,2000,25,4,610,6.8,0,1,1,0,0,0,1,0,2.2,2.2,0.4,2.6,14,14,45,0,0.15,0.15,0,0.15,0.32,0.06,0.38,0.32,0.38
95,Ander Capa,es ESP,DF,Athletic Club,29,1992,1,0,4,0,0,0,0,0,0,0,0,0,0,0,0,0,1,1,1,0,0,0,0,0,0.51,0,0.51,0.51,0.51
96,Étienne Capoue,fr FRA,MF,Villarreal,33,1988,30,26,2290,25.4,1,1,2,1,0,0,9,0,0.5,0.5,0.5,1.1,44,134,29,0.04,0.04,0.08,0.04,0.08,0.02,0.02,0.04,0.02,0.04
97,Isaac Carcelen,es ESP,DFMF,Cádiz,28,1993,25,17,1544,17.2,0,1,1,0,0,0,2,0,0.4,0.4,0.5,0.9,29,62,32,0,0.06,0.06,0,0.06,0.02,0.03,0.05,0.02,0.05
98,Cárdenas,es ESP,GK,Levante,24,1997,24,24,2160,24,0,0,0,0,0,0,3,0,0,0,0,0,0,0,0,0,0,0,0,0,0,0,0,0,0
99,Carlo,es ESP,MF,Villarreal,20,2001,1,0,7,0.1,0,0,0,0,0,0,0,0,0,0,0,0,2,2,0,0,0,0,0,0,0,0,0,0,0
100,Diego Carlos,br BRA,DF,Sevilla,28,1993,34,34,2957,32.9,3,0,3,3,0,0,4,1,2.1,2.1,0.2,2.3,1,99,5,0.09,0,0.09,0.09,0.09,0.06,0.01,0.07,0.06,0.07
101,Carmona,es ESP,DF,Sevilla,19,2002,1,0,24,0.3,0,0,0,0,0,0,0,0,0,0,0,0,1,1,1,0,0,0,0,0,0,0,0,0,0
102,Yannick Carrasco,be BEL,FWMF,Atlético Madrid,27,1993,34,28,2583,28.7,6,6,12,4,2,2,5,0,5.3,3.8,7,10.8,141,84,263,0.21,0.21,0.42,0.14,0.35,0.18,0.24,0.43,0.13,0.38
103,Guido Carrillo,ar ARG,FW,Elche,30,1991,29,11,1168,13,2,0,2,2,0,0,3,0,2.6,2.6,0.3,2.9,5,13,47,0.15,0,0.15,0.15,0.15,0.2,0.02,0.22,0.2,0.22
104,Dani Carvajal,es ESP,DF,Real Madrid,29,1992,24,17,1551,17.2,1,3,4,1,0,0,1,0,0.5,0.5,2.4,2.9,29,73,108,0.06,0.17,0.23,0.06,0.23,0.03,0.14,0.17,0.03,0.17
105,William Carvalho,pt POR,MF,Betis,29,1992,33,20,1805,20.1,2,3,5,2,0,0,6,0,3.1,3.1,1.5,4.6,39,163,39,0.1,0.15,0.25,0.1,0.25,0.16,0.07,0.23,0.16,0.23
106,Casemiro,br BRA,MF,Real Madrid,29,1992,32,31,2569,28.5,1,3,4,1,0,0,11,0,2.5,2.5,2.8,5.3,23,162,30,0.04,0.11,0.14,0.04,0.14,0.09,0.1,0.19,0.09,0.19
107,Kiko Casilla,es ESP,GK,Elche,34,1986,14,14,1260,14,0,0,0,0,0,0,3,0,0,0,0.1,0.1,0,0,0,0,0,0,0,0,0,0.01,0.01,0,0.01
108,Catena,es ESP,DF,Rayo Vallecano,26,1994,36,36,3240,36,2,2,4,2,0,0,8,0,1.4,1.4,0.8,2.2,13,84,6,0.06,0.06,0.11,0.06,0.11,0.04,0.02,0.06,0.04,0.06
109,Dani Ceballos,es ESP,MF,Real Madrid,24,1996,11,2,276,3.1,0,0,0,0,0,0,1,0,0.7,0.7,0.2,0.9,6,20,8,0,0,0,0,0,0.23,0.05,0.28,0.22,0.28
110,Franco Cervi,ar ARG,MF,Celta Vigo,27,1994,33,21,1801,20,4,3,7,4,0,0,5,0,3.1,3.1,1.1,4.1,35,61,86,0.2,0.15,0.35,0.2,0.35,0.15,0.05,0.21,0.15,0.21
111,Chapela,es ESP,MFFW,Cádiz,22,1999,9,4,398,4.4,0,0,0,0,0,0,0,0,0.1,0.1,0.1,0.2,6,12,12,0,0,0,0,0,0.02,0.02,0.04,0.02,0.04
112,Chema,es ESP,MF,Getafe,29,1992,1,1,45,0.5,0,0,0,0,0,0,1,1,0,0,0,0,0,2,0,0,0,0,0,0,0.05,0.04,0.09,0.05,0.09
113,Denis Cheryshev,ru RUS,MFFW,Valencia,30,1990,17,5,563,6.3,0,1,1,0,0,0,1,0,0.9,0.9,0.4,1.3,14,19,36,0,0.16,0.16,0,0.16,0.14,0.06,0.2,0.14,0.2
114,Samuel Chukwueze,ng NGA,MFFW,Villarreal,22,1999,27,12,1333,14.8,3,3,6,3,0,0,4,0,4.6,4.6,4.6,9.3,89,41,164,0.2,0.2,0.41,0.2,0.41,0.31,0.31,0.63,0.31,0.63
115,Víctor Chust,es ESP,DF,Cádiz,21,2000,25,20,1830,20.3,0,0,0,0,0,0,2,0,0.7,0.7,0,0.7,17,47,1,0,0,0,0,0,0.04,0,0.04,0.04,0.04
116,Jasper Cillessen,nl NED,GK,Valencia,32,1989,17,17,1457,16.2,0,1,1,0,0,0,1,0,0,0,0,0,0,0,0,0,0.06,0.06,0,0.06,0,0,0,0,0
117,Pathé Ciss,sn SEN,MF,Rayo Vallecano,27,1994,31,11,1097,12.2,2,1,3,2,0,0,5,0,1.7,1.7,0.5,2.2,8,55,6,0.16,0.08,0.25,0.16,0.25,0.14,0.04,0.18,0.14,0.18
118,Carlos Clerc,es ESP,DF,Levante,29,1992,19,18,1514,16.8,0,0,0,0,0,0,6,0,0.1,0.1,0.8,1,45,66,56,0,0,0,0,0,0.01,0.05,0.06,0.01,0.06
119,Coke,es ESP,DF,Levante,34,1987,6,1,118,1.3,1,0,1,1,0,0,1,0,0.6,0.6,0.1,0.7,1,8,5,0.76,0,0.76,0.76,0.76,0.48,0.04,0.52,0.48,0.52
120,Álex Collado,es ESP,MFFW,Granada,22,1999,17,13,1020,11.3,2,1,3,2,0,0,1,0,0.8,0.8,1,1.8,20,38,32,0.18,0.09,0.26,0.18,0.26,0.07,0.09,0.16,0.07,0.16
121,Eray Cömert,ch SUI,DF,Valencia,23,1998,8,5,408,4.5,0,0,0,0,0,0,2,0,0.4,0.4,0,0.4,1,15,1,0,0,0,0,0,0.08,0.01,0.09,0.08,0.09
122,Santi Comesaña,es ESP,MF,Rayo Vallecano,24,1996,35,32,2682,29.8,1,2,3,1,0,0,12,1,3.7,3.7,2,5.7,46,165,50,0.03,0.07,0.1,0.03,0.1,0.12,0.07,0.19,0.12,0.19
123,Diego Conde,es ESP,GK,Getafe,22,1998,1,0,6,0.1,0,0,0,0,0,0,0,0,0,0,0,0,0,0,0,0,0,0,0,0,0,0,0,0,0
124,Francis Coquelin,fr FRA,MF,Villarreal,30,1991,20,8,830,9.2,2,1,3,2,0,0,3,0,0.3,0.3,0.8,1.1,14,56,39,0.22,0.11,0.33,0.22,0.33,0.03,0.08,0.12,0.03,0.12
125,Jesús Corona,mx MEX,FWDF,Sevilla,28,1993,18,12,1157,12.9,2,4,6,2,0,0,2,0,1.6,1.6,3.1,4.6,37,54,130,0.16,0.31,0.47,0.16,0.47,0.12,0.24,0.36,0.12,0.36
126,Ángel Correa,ar ARG,FWMF,Atlético Madrid,26,1995,36,21,1856,20.6,12,5,17,12,0,0,3,1,7.3,7.3,3.7,11,38,65,149,0.58,0.24,0.82,0.58,0.82,0.35,0.18,0.53,0.35,0.53
127,Thierry Correia,pt POR,DF,Valencia,22,1999,19,18,1414,15.7,0,1,1,0,0,0,5,0,0.3,0.3,1.1,1.4,27,53,66,0,0.06,0.06,0,0.06,0.02,0.07,0.09,0.02,0.09
128,Hélder Costa,ao ANG,MFFW,Valencia,27,1994,22,13,1118,12.4,0,1,1,0,0,0,3,0,0.3,0.3,1.8,2.1,39,34,80,0,0.08,0.08,0,0.08,0.03,0.14,0.17,0.03,0.17
129,Jaume Costa,es ESP,DF,Mallorca,33,1988,25,21,1828,20.3,0,4,4,0,0,0,5,1,0.8,0.8,2.4,3.2,39,68,108,0,0.2,0.2,0,0.2,0.04,0.12,0.16,0.04,0.16
130,Thibaut Courtois,be BEL,GK,Real Madrid,29,1992,36,36,3240,36,0,0,0,0,0,0,1,0,0,0,0,0,0,1,0,0,0,0,0,0,0,0,0,0,0
131,Philippe Coutinho,br BRA,MFFW,Barcelona,29,1992,12,5,503,5.6,2,0,2,1,1,1,1,0,3.1,2.3,0.3,2.5,22,35,49,0.36,0,0.36,0.18,0.18,0.55,0.04,0.6,0.41,0.46
132,Cristo,es ESP,DF,Real Sociedad,21,2000,1,0,17,0.2,0,0,0,0,0,0,0,0,0,0,0.1,0.1,1,0,1,0,0,0,0,0,0.03,0.39,0.41,0.03,0.41
133,Juan Cruz Armada,es ESP,DF,Osasuna,29,1992,23,22,1934,21.5,0,0,0,0,0,0,4,0,0.2,0.2,0,0.2,16,80,12,0,0,0,0,0,0.01,0,0.01,0.01,0.01
134,Marc Cucurella,es ESP,MFDF,Getafe,23,1998,1,0,23,0.3,0,0,0,0,0,0,0,0,0.2,0.2,0.1,0.2,2,2,3,0,0,0,0,0,0.62,0.31,0.93,0.62,0.93
135,Jorge Cuenca,es ESP,DF,Getafe,21,1999,32,31,2683,29.8,1,0,1,1,0,0,6,2,0.9,0.9,0.1,1,4,61,6,0.03,0,0.03,0.03,0.03,0.03,0,0.04,0.03,0.04
136,Matheus Cunha,br BRA,FW,Atlético Madrid,22,1999,29,8,1063,11.8,6,4,10,6,0,0,3,0,5.8,5.8,2.2,8,16,20,61,0.51,0.34,0.85,0.51,0.85,0.49,0.19,0.68,0.49,0.68
137,Arnaut Danjuma,nl NED,FW,Villarreal,24,1997,23,17,1472,16.4,10,3,13,7,3,3,1,0,11.9,9.5,2.2,11.7,71,27,172,0.61,0.18,0.79,0.43,0.61,0.73,0.14,0.86,0.58,0.72
138,Sergi Darder,es ESP,MF,Espanyol,27,1993,36,36,3125,34.7,3,9,12,3,0,0,4,0,2.6,2.6,3.9,6.5,94,221,65,0.09,0.26,0.35,0.09,0.35,0.07,0.11,0.19,0.07,0.19
139,Rodrigo De Paul,ar ARG,MF,Atlético Madrid,27,1994,36,24,2151,23.9,3,1,4,3,0,0,7,0,1.6,1.6,4.6,6.2,65,162,53,0.13,0.04,0.17,0.13,0.17,0.07,0.19,0.26,0.07,0.26
140,Thomas Delaney,dk DEN,MF,Sevilla,29,1991,26,15,1549,17.2,2,1,3,2,0,0,4,1,1.2,1.2,0.8,2,14,64,17,0.12,0.06,0.17,0.12,0.17,0.07,0.04,0.11,0.07,0.11
141,Ousmane Dembélé,fr FRA,FW,Barcelona,24,1997,21,15,1409,15.7,1,13,14,1,0,0,3,0,2.6,2.6,8.3,10.9,128,70,201,0.06,0.83,0.89,0.06,0.89,0.17,0.53,0.7,0.17,0.7
142,Yusuf Demir,at AUT,FW,Barcelona,18,2003,6,2,192,2.1,0,0,0,0,0,0,0,0,0.1,0.1,0,0.1,3,3,17,0,0,0,0,0,0.04,0,0.04,0.04,0.04
143,Sergiño Dest,us USA,DFFW,Barcelona,20,2000,21,17,1512,16.8,0,3,3,0,0,0,2,0,1.1,1.1,2.5,3.7,75,81,158,0,0.18,0.18,0,0.18,0.07,0.15,0.22,0.07,0.22
144,Boulaye Dia,sn SEN,FW,Villarreal,24,1996,25,13,1269,14.1,5,5,10,5,0,0,3,0,5.4,5.4,2.4,7.8,22,16,93,0.35,0.35,0.71,0.35,0.71,0.39,0.17,0.56,0.39,0.56
145,Mouctar Diakhaby,gn GUI,DF,Valencia,24,1996,29,21,1948,21.6,0,1,1,0,0,0,11,0,0.6,0.6,0.2,0.8,18,51,7,0,0.05,0.05,0,0.05,0.03,0.01,0.04,0.03,0.04
146,Javier Díaz,es ESP,GK,Sevilla,24,1997,1,1,90,1,0,0,0,0,0,0,0,0,0,0,0,0,0,0,0,0,0,0,0,0,0,0,0,0,0
147,Víctor Díaz,es ESP,DF,Granada,33,1988,22,18,1500,16.7,1,0,1,1,0,0,5,0,0.8,0.8,0.1,0.9,5,37,6,0.06,0,0.06,0.06,0.06,0.05,0.01,0.06,0.05,0.06
148,Landry Dimata,be BEL,FWMF,Espanyol,23,1997,17,4,541,6,0,0,0,0,0,0,0,0,1.6,1.6,0.3,2,6,7,34,0,0,0,0,0,0.27,0.05,0.33,0.27,0.33
149,Stole Dimitrievski,mk MKD,GK,Rayo Vallecano,27,1993,31,30,2772,30.8,0,0,0,0,0,0,0,0,0,0,0,0,0,0,0,0,0,0,0,0,0,0,0,0,0
150,Matías Dituro,ar ARG,GK,Celta Vigo,34,1987,38,38,3420,38,0,0,0,0,0,0,1,0,0,0,0.1,0.1,0,2,0,0,0,0,0,0,0,0,0,0,0
151,Djené,tg TOG,DF,Getafe,29,1991,35,35,3115,34.6,0,1,1,0,0,0,11,1,0.1,0.1,0.4,0.6,24,89,9,0,0.03,0.03,0,0.03,0,0.01,0.02,0,0.02
152,Naïs Djouahra,fr FRA,FWMF,Real Sociedad,21,1999,7,1,219,2.4,0,0,0,0,0,0,0,0,0.3,0.3,0.5,0.7,14,5,18,0,0,0,0,0,0.11,0.21,0.32,0.11,0.32
153,Marko Dmitrović,rs SRB,GK,Sevilla,29,1992,6,6,540,6,0,0,0,0,0,0,0,0,0,0,0,0,0,0,0,0,0,0,0,0,0,0,0,0,0
154,Jaume Doménech,es ESP,GK,Valencia,30,1990,4,3,343,3.8,0,0,0,0,0,0,1,0,0,0,0,0,0,0,0,0,0,0,0,0,0,0,0,0,0
155,Carlos Dominguez,es ESP,DF,Celta Vigo,20,2001,8,3,344,3.8,0,0,0,0,0,0,1,0,0.1,0.1,0,0.1,3,9,0,0,0,0,0,0,0.03,0,0.03,0.03,0.03
156,Mario Dominguez,es ESP,FW,Valencia,17,2004,2,0,25,0.3,0,0,0,0,0,0,0,0,0,0,0,0,0,0,1,0,0,0,0,0,0,0,0,0,0
157,John Donald,es ESP,DF,Elche,20,2000,2,2,180,2,0,0,0,0,0,0,0,0,0.5,0.5,0.1,0.6,2,9,1,0,0,0,0,0,0.26,0.03,0.29,0.26,0.29
158,Domingos Duarte,pt POR,DF,Granada,26,1995,21,19,1687,18.7,1,0,1,1,0,0,7,1,0.9,0.9,0.5,1.4,4,44,3,0.05,0,0.05,0.05,0.05,0.05,0.03,0.08,0.05,0.08
159,Óscar Duarte,cr CRC,DF,Levante,32,1989,23,20,1773,19.7,2,0,2,2,0,0,5,0,1.2,1.2,0.4,1.6,1,44,1,0.1,0,0.1,0.1,0.1,0.06,0.02,0.08,0.06,0.08
160,Rubén Duarte,es ESP,DF,Alavés,25,1995,34,31,2621,29.1,0,4,4,0,0,0,12,1,0.4,0.4,2.5,2.8,35,85,46,0,0.14,0.14,0,0.14,0.01,0.09,0.1,0.01,0.1
161,Unai Dufur,es ESP,DF,Osasuna,22,1999,1,1,90,1,0,0,0,0,0,0,0,0,0,0,0,0,0,3,0,0,0,0,0,0,0.02,0,0.02,0.02,0.02
162,Hugo Duro,es ESP,DFMF,Getafe,21,1999,1,0,12,0.1,0,0,0,0,0,0,0,0,0.1,0.1,0,0.1,0,0,1,0,0,0,0,0,0.61,0,0.61,0.61,0.61
163,Hugo Duro,es ESP,FWMF,Valencia,21,1999,30,22,1834,20.4,7,1,8,7,0,0,3,1,3.5,3.5,0.7,4.2,12,21,87,0.34,0.05,0.39,0.34,0.39,0.17,0.03,0.2,0.17,0.2
164,Aritz Elustondo,es ESP,DF,Real Sociedad,27,1994,30,22,2105,23.4,4,1,5,4,0,0,3,1,1.6,1.6,0.1,1.7,20,85,12,0.17,0.04,0.21,0.17,0.21,0.07,0,0.07,0.07,0.07
165,Adri Embarba,es ESP,FWMF,Espanyol,29,1992,32,24,1986,22.1,0,2,2,0,0,0,4,0,2.8,2.8,2.5,5.3,75,54,134,0,0.09,0.09,0,0.09,0.13,0.12,0.24,0.13,0.24
166,Emerson,br BRA,DF,Barcelona,22,1999,3,1,91,1,0,0,0,0,0,0,0,0,0,0,0,0,0,2,4,0,0,0,0,0,0,0,0,0,0
167,Youssef En-Nesyri,ma MAR,FW,Sevilla,24,1997,23,15,1277,14.2,5,1,6,4,1,1,1,0,6.4,5.6,1.2,6.7,7,14,57,0.35,0.07,0.42,0.28,0.35,0.45,0.08,0.53,0.39,0.47
168,Gonzalo Escalante,ar ARG,MF,Alavés,28,1993,17,15,1300,14.4,5,0,5,5,0,0,8,1,3.2,3.2,0.2,3.4,7,41,15,0.35,0,0.35,0.35,0.35,0.22,0.01,0.23,0.22,0.23
169,Aarón Escandell,es ESP,GK,Granada,25,1995,4,3,284,3.2,0,0,0,0,0,0,1,1,0,0,0,0,0,0,0,0,0,0,0,0,0,0,0,0,0
170,Sergio Escudero,es ESP,DFMF,Granada,31,1989,27,15,1434,15.9,2,1,3,2,0,0,6,0,1.1,1.1,1.6,2.7,17,51,37,0.13,0.06,0.19,0.13,0.19,0.07,0.1,0.17,0.07,0.17
171,Alfonso Espino,uy URU,DF,Cádiz,29,1992,37,37,3329,37,2,2,4,2,0,0,6,0,1.7,1.5,2.5,4,62,124,123,0.05,0.05,0.11,0.05,0.11,0.05,0.07,0.11,0.04,0.11
172,Estanis,es ESP,FW,Barcelona,17,2003,1,0,11,0.1,0,0,0,0,0,0,0,0,0,0,0,0,0,0,0,0,0,0,0,0,0,0,0,0,0
173,Pervis Estupiñán,ec ECU,DF,Villarreal,23,1998,28,17,1575,17.5,0,1,1,0,0,0,3,0,0.8,0.8,2.5,3.3,50,70,148,0,0.06,0.06,0,0.06,0.04,0.14,0.19,0.04,0.19
174,Abdessamad Ezzalzouli,ma MAR,FW,Barcelona,19,2001,10,6,580,6.4,1,0,1,1,0,0,4,0,1.3,1.3,0.9,2.2,47,8,76,0.16,0,0.16,0.16,0.16,0.2,0.14,0.33,0.2,0.33
175,Radamel Falcao,co COL,FW,Rayo Vallecano,35,1986,22,8,838,9.3,6,0,6,6,0,0,1,0,4.9,4.9,0.3,5.2,8,15,38,0.64,0,0.64,0.64,0.64,0.53,0.03,0.56,0.53,0.56
176,Fali,es ESP,DFMF,Cádiz,27,1993,28,23,1803,20,0,2,2,0,0,0,6,0,0.7,0.7,1.4,2,9,49,6,0,0.1,0.1,0,0.1,0.03,0.07,0.1,0.03,0.1
177,Omar Faraj,se SWE,FW,Levante,19,2002,1,0,4,0,0,0,0,0,0,0,0,0,0,0,0,0,0,0,0,0,0,0,0,0,0,0,0,0,0
178,Ansu Fati,es ESP,FW,Barcelona,18,2002,10,3,336,3.7,4,0,4,4,0,0,0,0,1.3,1.3,0.4,1.8,20,9,49,1.07,0,1.07,1.07,1.07,0.36,0.12,0.47,0.36,0.47
179,Aleix Febas,es ESP,MF,Mallorca,25,1996,4,1,117,1.3,0,0,0,0,0,0,1,0,0,0,0.2,0.2,1,9,1,0,0,0,0,0,0,0.12,0.12,0,0.12
180,Nabil Fekir,fr FRA,MF,Betis,28,1993,34,33,2794,31,6,8,14,6,0,0,7,1,4.7,4.7,7,11.6,117,171,231,0.19,0.26,0.45,0.19,0.45,0.15,0.22,0.37,0.15,0.37
181,Felipe,br BRA,DF,Atlético Madrid,32,1989,26,15,1504,16.7,2,1,3,2,0,0,5,1,0.7,0.7,0.4,1.1,5,32,2,0.12,0.06,0.18,0.12,0.18,0.04,0.02,0.07,0.04,0.07
182,João Félix,pt POR,FWMF,Atlético Madrid,21,1999,24,13,1263,14,8,4,12,8,0,0,3,1,5.7,5.7,4.7,10.4,42,49,82,0.57,0.29,0.86,0.57,0.86,0.41,0.33,0.74,0.41,0.74
183,Aitor Fernández,es ESP,GK,Levante,30,1991,13,13,1166,13,0,0,0,0,0,0,1,1,0,0,0,0,0,0,0,0,0,0,0,0,0,0,0,0,0
184,Álex Fernández,es ESP,MF,Cádiz,28,1992,32,22,2051,22.8,3,2,5,2,1,2,2,0,3,1.5,1.3,2.7,48,122,44,0.13,0.09,0.22,0.09,0.18,0.13,0.06,0.19,0.06,0.12
185,Fernando,br BRA,MFDF,Sevilla,34,1987,24,21,1850,20.6,1,1,2,1,0,0,6,0,1,1,0.4,1.4,15,86,11,0.05,0.05,0.1,0.05,0.1,0.05,0.02,0.07,0.05,0.07
186,Fidel,es ESP,MF,Elche,31,1989,33,29,2261,25.1,5,6,11,4,1,1,9,0,2.8,2,4.4,6.4,64,135,136,0.2,0.24,0.44,0.16,0.4,0.11,0.17,0.28,0.08,0.25
187,José Fontán,es ESP,DF,Celta Vigo,21,2000,9,3,276,3.1,0,0,0,0,0,0,3,0,0.2,0.2,0.1,0.3,3,7,4,0,0,0,0,0,0.06,0.03,0.08,0.06,0.08
188,Dimitri Foulquier,fr FRA,DF,Granada,28,1993,2,2,180,2,0,0,0,0,0,0,0,0,0,0,0,0,2,4,5,0,0,0,0,0,0,0.02,0.02,0,0.02
189,Dimitri Foulquier,fr FRA,DF,Valencia,28,1993,29,25,2342,26,0,1,1,0,0,0,11,0,0.6,0.6,0.6,1.2,39,80,31,0,0.04,0.04,0,0.04,0.02,0.02,0.05,0.02,0.05
190,Juan Foyth,ar ARG,DF,Villarreal,23,1998,25,22,1924,21.4,1,1,2,1,0,0,6,1,0.7,0.7,1.1,1.8,48,91,35,0.05,0.05,0.09,0.05,0.09,0.03,0.05,0.08,0.03,0.08
191,Enric Franquesa,es ESP,DFFW,Levante,24,1997,16,6,625,6.9,0,0,0,0,0,0,1,0,0.1,0.1,0.1,0.2,17,15,36,0,0,0,0,0,0.02,0.02,0.04,0.02,0.04
192,Jorge de Frutos,es ESP,MFFW,Levante,24,1997,25,20,1760,19.6,4,7,11,4,0,0,4,0,4.9,4.9,3.3,8.2,60,49,153,0.2,0.36,0.56,0.2,0.56,0.25,0.17,0.42,0.25,0.42
193,Javi Galán,es ESP,DF,Celta Vigo,26,1994,37,37,3298,36.6,0,3,3,0,0,0,8,0,0.5,0.4,2.4,2.8,123,104,233,0,0.08,0.08,0,0.08,0.01,0.06,0.08,0.01,0.08
194,Iñigo Ruiz de Galarreta,es ESP,MF,Mallorca,27,1993,22,17,1378,15.3,0,0,0,0,0,0,4,0,0.4,0.4,0.6,1,14,105,16,0,0,0,0,0,0.03,0.04,0.06,0.03,0.06
195,Thiago Galhardo,br BRA,FWMF,Celta Vigo,32,1989,31,9,1148,12.8,2,2,4,2,0,0,5,0,3.4,3.4,1.9,5.3,14,23,61,0.16,0.16,0.31,0.16,0.31,0.27,0.15,0.41,0.27,0.41
196,Álvaro García,es ESP,FWMF,Rayo Vallecano,28,1992,36,34,2998,33.3,7,4,11,7,0,0,6,0,5.3,5.3,4.7,9.9,124,86,293,0.21,0.12,0.33,0.21,0.33,0.16,0.14,0.3,0.16,0.3
197,Dani García,es ESP,MF,Athletic Club,31,1990,32,27,2177,24.2,0,0,0,0,0,0,9,0,0.6,0.6,0.6,1.1,10,115,7,0,0,0,0,0,0.02,0.02,0.05,0.02,0.05
198,David García,es ESP,DF,Osasuna,27,1994,35,35,3105,34.5,4,0,4,4,0,0,8,0,1.2,1.2,0.5,1.6,7,117,2,0.12,0,0.12,0.12,0.12,0.03,0.01,0.05,0.03,0.05
199,Eric García,es ESP,DF,Barcelona,20,2001,26,23,2039,22.7,0,0,0,0,0,0,5,1,0.2,0.2,0.1,0.3,36,137,3,0,0,0,0,0,0.01,0,0.01,0.01,0.01
200,Francisco Garcia,es ESP,DF,Rayo Vallecano,21,1999,34,34,3025,33.6,1,0,1,1,0,0,4,0,0.9,0.9,1.7,2.6,140,133,141,0.03,0,0.03,0.03,0.03,0.03,0.05,0.08,0.03,0.08
201,Joan García,es ESP,GK,Espanyol,20,2001,2,1,108,1.2,0,0,0,0,0,0,0,0,0,0,0,0,0,1,0,0,0,0,0,0,0,0,0,0,0
202,Manu García,es ESP,MF,Alavés,23,1998,24,10,1077,12,0,1,1,0,0,0,3,0,0.3,0.3,1.1,1.4,23,79,30,0,0.08,0.08,0,0.08,0.03,0.09,0.12,0.03,0.12
203,Raúl García,es ESP,FW,Athletic Club,35,1986,35,24,1802,20,6,2,8,6,0,1,3,0,6.1,5.3,2.7,8,12,87,113,0.3,0.1,0.4,0.3,0.4,0.3,0.13,0.44,0.26,0.4
204,Rubén García,es ESP,MFFW,Osasuna,28,1993,37,30,2375,26.4,1,6,7,1,0,2,1,0,3.1,1.6,3.4,4.9,39,96,199,0.04,0.23,0.27,0.04,0.27,0.12,0.13,0.25,0.06,0.19
205,Saúl García,es ESP,MF,Alavés,26,1994,1,0,4,0,0,0,0,0,0,0,0,0,0,0,0,0,0,0,0,0,0,0,0,0,0,0,0,0,0
206,Unai García,es ESP,DF,Osasuna,29,1992,18,15,1408,15.6,0,0,0,0,0,0,5,0,0.3,0.3,0.1,0.4,12,37,5,0,0,0,0,0,0.02,0.01,0.03,0.02,0.03
207,Mario Gaspar,es ESP,DF,Villarreal,30,1990,12,7,623,6.9,0,0,0,0,0,0,1,0,0.3,0.3,0.6,0.9,6,22,22,0,0,0,0,0,0.05,0.08,0.13,0.05,0.13
208,Gavi,es ESP,MFFW,Barcelona,16,2004,34,28,2316,25.7,2,5,7,2,0,0,11,1,3.6,3.6,3.2,6.8,72,115,160,0.08,0.19,0.27,0.08,0.27,0.14,0.12,0.26,0.14,0.26
209,Óscar Gil,es ESP,DF,Espanyol,24,1997,22,20,1688,18.8,0,2,2,0,0,0,7,0,0.2,0.2,2,2.2,23,30,75,0,0.11,0.11,0,0.11,0.01,0.11,0.12,0.01,0.12
210,Mario Gila,es ESP,DF,Real Madrid,20,2000,2,0,25,0.3,0,0,0,0,0,0,0,0,0,0,0,0,0,1,0,0,0,0,0,0,0,0,0,0,0
211,Dani Gómez,es ESP,FW,Levante,23,1998,28,11,1063,11.8,4,2,6,4,0,0,1,0,4.7,4.7,2.2,6.9,22,15,87,0.34,0.17,0.51,0.34,0.51,0.4,0.19,0.58,0.4,0.58
212,Maxi Gómez,uy URU,FW,Valencia,24,1996,29,21,1956,21.7,5,1,6,5,0,0,7,1,4.8,4.8,1.9,6.7,22,32,91,0.23,0.05,0.28,0.23,0.28,0.22,0.09,0.31,0.22,0.31
213,Moi Gómez,es ESP,MFFW,Villarreal,27,1994,29,13,1286,14.3,2,2,4,2,0,0,2,0,2.6,2.6,2.7,5.3,26,71,83,0.14,0.14,0.28,0.14,0.28,0.18,0.19,0.37,0.18,0.37
214,Papu Gómez,ar ARG,FWMF,Sevilla,33,1988,29,19,1784,19.8,5,1,6,5,0,0,4,0,2,2,1.9,3.8,91,105,92,0.25,0.05,0.3,0.25,0.3,0.1,0.09,0.2,0.1,0.19
215,Sergi Gómez,es ESP,DF,Espanyol,29,1992,31,31,2720,30.2,1,2,3,1,0,0,1,1,0.4,0.4,1.2,1.6,4,43,1,0.03,0.07,0.1,0.03,0.1,0.01,0.04,0.05,0.01,0.05
216,Maxime Gonalons,fr FRA,MF,Granada,32,1989,25,20,1550,17.2,0,2,2,0,0,0,6,0,0.3,0.3,0.7,0.9,13,73,6,0,0.12,0.12,0,0.12,0.02,0.04,0.05,0.02,0.05
217,Diego González,es ESP,DF,Elche,26,1995,28,19,1793,19.9,0,0,0,0,0,0,3,1,0.3,0.3,0,0.3,6,17,1,0,0,0,0,0,0.01,0,0.01,0.01,0.01
218,Édgar González,es ESP,DF,Betis,24,1997,21,14,1464,16.3,1,1,2,1,0,0,6,0,1.1,1.1,0.8,1.9,5,39,2,0.06,0.06,0.12,0.06,0.12,0.07,0.05,0.11,0.07,0.11
219,Giovanni González,uy URU,DF,Mallorca,26,1994,9,3,365,4.1,1,0,1,1,0,0,1,0,0.3,0.3,0.9,1.2,6,13,20,0.25,0,0.25,0.25,0.25,0.09,0.22,0.3,0.09,0.3
220,Nicolás González,es ESP,MF,Barcelona,19,2002,27,12,1114,12.4,2,1,3,2,0,0,6,0,1.4,1.4,0.8,2.2,37,65,45,0.16,0.08,0.24,0.16,0.24,0.11,0.07,0.18,0.11,0.18
221,Peter González,do DOM,MFDF,Real Madrid,19,2002,3,0,27,0.3,0,0,0,0,0,0,0,0,0.1,0.1,0.2,0.3,3,1,3,0,0,0,0,0,0.22,0.7,0.92,0.22,0.92
222,Roberto González,es ESP,FWMF,Betis,20,2001,4,1,135,1.5,0,0,0,0,0,0,0,0,0.1,0.1,0,0.1,1,3,8,0,0,0,0,0,0.05,0.03,0.08,0.05,0.08
223,Gori,es ESP,MF,Espanyol,19,2002,1,0,9,0.1,0,0,0,0,0,0,1,0,0,0,0.1,0.1,1,2,0,0,0,0,0,0,0,0.5,0.5,0,0.5
224,Andoni Gorosabel,es ESP,DF,Real Sociedad,24,1996,32,25,2289,25.4,0,4,4,0,0,0,4,0,0.5,0.5,2.7,3.2,51,99,110,0,0.16,0.16,0,0.16,0.02,0.11,0.13,0.02,0.13
225,Jaume Grau,es ESP,MF,Osasuna,24,1997,1,0,3,0,0,0,0,0,0,0,0,0,0,0,0,0,0,0,0,0,0,0,0,0,0,0,0,0,0
226,Dominik Greif,sk SVK,GK,Mallorca,24,1997,1,1,90,1,0,0,0,0,0,0,0,0,0,0,0,0,0,0,0,0,0,0,0,0,0,0,0,0,0
227,Clément Grenier,fr FRA,MF,Mallorca,30,1991,5,0,60,0.7,1,0,1,1,0,0,1,0,0.6,0.6,0,0.6,1,2,2,1.5,0,1.5,1.5,1.5,0.92,0.02,0.94,0.92,0.94
228,Antoine Griezmann,fr FRA,FW,Barcelona,30,1991,3,3,263,2.9,0,0,0,0,0,0,0,0,0.3,0.3,0,0.3,5,11,15,0,0,0,0,0,0.09,0,0.09,0.09,0.09
229,Antoine Griezmann,fr FRA,FWMF,Atlético Madrid,30,1991,26,21,1695,18.8,3,4,7,3,0,0,3,0,5.1,5.1,3.1,8.2,39,53,126,0.16,0.21,0.37,0.16,0.37,0.27,0.17,0.44,0.27,0.44
230,Andrés Guardado,mx MEX,MF,Betis,34,1986,28,17,1393,15.5,0,1,1,0,0,0,4,0,0.9,0.9,0.4,1.2,13,95,17,0,0.06,0.06,0,0.06,0.06,0.02,0.08,0.06,0.08
231,Sergi Guardiola,es ESP,FW,Rayo Vallecano,30,1991,32,20,1710,19,8,2,10,7,1,1,3,0,7.1,6.3,2,8.3,23,32,114,0.42,0.11,0.53,0.37,0.47,0.37,0.1,0.48,0.33,0.44
232,Nemanja Gudelj,rs SRB,DFMF,Sevilla,29,1991,21,9,1046,11.6,0,0,0,0,0,0,5,0,0.1,0.1,0.1,0.2,6,20,5,0,0,0,0,0,0.01,0.01,0.02,0.01,0.02
233,Gonçalo Guedes,pt POR,FWMF,Valencia,24,1996,36,30,2606,29,11,6,17,10,1,2,3,0,6.4,4.7,4,8.7,93,120,245,0.38,0.21,0.59,0.35,0.55,0.22,0.14,0.36,0.16,0.3
234,Ander Guevara,es ESP,MF,Real Sociedad,24,1997,17,11,867,9.6,0,0,0,0,0,0,2,0,0.1,0.1,0.3,0.4,8,48,11,0,0,0,0,0,0.01,0.03,0.04,0.01,0.04
235,John Guidetti,se SWE,FWMF,Alavés,29,1992,10,2,279,3.1,0,0,0,0,0,0,2,0,1,1,0.2,1.1,1,3,21,0,0,0,0,0,0.31,0.06,0.37,0.31,0.37
236,Hugo Guillamón,es ESP,MFDF,Valencia,21,2000,31,28,2361,26.2,1,0,1,1,0,0,11,2,0.4,0.4,0.4,0.8,11,139,19,0.04,0,0.04,0.04,0.04,0.02,0.01,0.03,0.02,0.03
237,Gerard Gumbau,es ESP,MF,Elche,26,1994,31,20,1890,21,0,4,4,0,0,0,8,1,0.7,0.7,2.8,3.5,17,85,16,0,0.19,0.19,0,0.19,0.04,0.13,0.17,0.04,0.17
238,Jon Guridi,es ESP,MF,Real Sociedad,26,1995,8,1,206,2.3,1,0,1,1,0,0,0,0,0.9,0.9,0.1,1,3,8,5,0.44,0,0.44,0.44,0.44,0.39,0.06,0.45,0.39,0.45
239,Raúl Guti,es ESP,MF,Elche,24,1996,31,17,1627,18.1,0,0,0,0,0,0,4,1,1.2,1.2,0.3,1.5,21,76,25,0,0,0,0,0,0.07,0.02,0.08,0.07,0.08
240,Marcos Mauro López Gutiérrez,ar ARG,DF,Cádiz,30,1991,3,1,136,1.5,0,0,0,0,0,0,1,0,0,0,0,0,0,2,0,0,0,0,0,0,0,0,0,0,0
241,Miguel Gutiérrez,es ESP,DF,Real Madrid,20,2001,3,3,260,2.9,0,1,1,0,0,0,1,0,0,0,0.4,0.4,9,18,10,0,0.35,0.35,0,0.35,0,0.14,0.14,0,0.14
242,Munir El Haddadi,ma MAR,FWMF,Sevilla,25,1995,16,4,474,5.3,2,0,2,2,0,0,3,0,1.4,1.4,0.6,1.9,3,15,28,0.38,0,0.38,0.38,0.38,0.26,0.11,0.36,0.26,0.36
243,Varazdat Haroyan,am ARM,DF,Cádiz,28,1992,17,16,1437,16,1,0,1,1,0,0,9,0,0.7,0.7,0.1,0.8,5,22,5,0.06,0,0.06,0.06,0.06,0.05,0.01,0.05,0.05,0.05
244,Eden Hazard,be BEL,FWMF,Real Madrid,30,1991,18,7,717,8,0,1,1,0,0,0,3,0,1,1,2,3,41,34,99,0,0.13,0.13,0,0.13,0.13,0.25,0.38,0.13,0.38
245,Kike Hermoso,es ESP,DF,Betis,21,1999,1,1,90,1,1,0,1,1,0,0,0,0,0.2,0.2,0,0.2,1,0,0,1,0,1,1,1,0.18,0,0.18,0.18,0.18
246,Mario Hermoso,es ESP,DF,Atlético Madrid,26,1995,26,21,1865,20.7,2,1,3,2,0,0,6,1,2.2,2.2,0.8,2.9,38,123,21,0.1,0.05,0.14,0.1,0.14,0.1,0.04,0.14,0.1,0.14
247,Aridane Hernández,gq EQG,DF,Osasuna,32,1989,15,12,1159,12.9,0,0,0,0,0,0,1,0,0.1,0.1,0.1,0.2,1,32,1,0,0,0,0,0,0.01,0,0.01,0.01,0.01
248,Luis Hernández,es ESP,DF,Cádiz,32,1989,16,15,1366,15.2,0,0,0,0,0,0,5,0,0.5,0.5,0.2,0.7,7,58,4,0,0,0,0,0,0.03,0.01,0.05,0.03,0.05
249,Mario Hernández,es ESP,DFFW,Rayo Vallecano,22,1999,9,5,395,4.4,1,0,1,1,0,0,3,0,0.2,0.2,0,0.3,4,15,10,0.23,0,0.23,0.23,0.23,0.06,0.01,0.06,0.06,0.06
250,Héctor Herrera,mx MEX,MF,Atlético Madrid,31,1990,21,8,859,9.5,0,0,0,0,0,0,4,0,0.4,0.4,0.5,0.8,14,60,15,0,0,0,0,0,0.04,0.05,0.09,0.04,0.09
251,Sergio Herrera,es ESP,GK,Osasuna,28,1993,36,36,3240,36,0,0,0,0,0,0,3,0,0,0,0,0,0,0,0,0,0,0,0,0,0,0,0,0,0
252,Yangel Herrera,ve VEN,MF,Espanyol,23,1998,23,19,1645,18.3,1,1,2,1,0,0,7,1,1.1,1.1,0.7,1.8,12,74,34,0.05,0.05,0.11,0.05,0.11,0.06,0.04,0.1,0.06,0.1
253,Matthew Hoppe,us USA,FWMF,Mallorca,20,2001,5,1,131,1.5,0,1,1,0,0,0,0,0,0.2,0.2,0.1,0.3,0,1,9,0,0.69,0.69,0,0.69,0.1,0.08,0.18,0.1,0.18
254,Robert Ibáñez,es ESP,MFFW,Osasuna,28,1993,4,1,93,1,0,0,0,0,0,0,0,0,0.2,0.2,0.3,0.5,1,7,9,0,0,0,0,0,0.23,0.28,0.51,0.23,0.51
255,Vicente Iborra,es ESP,MF,Villarreal,33,1988,20,12,1034,11.5,0,1,1,0,0,0,4,0,0.7,0.7,0.4,1,5,48,7,0,0.09,0.09,0,0.09,0.06,0.03,0.09,0.06,0.09
256,Oussama Idrissi,ma MAR,MFFW,Sevilla,25,1996,5,2,127,1.4,0,0,0,0,0,0,1,0,0.1,0.1,0.1,0.2,3,5,16,0,0,0,0,0,0.1,0.05,0.15,0.1,0.15
257,Oussama Idrissi,ma MAR,MF,Cádiz,25,1996,12,11,902,10,1,1,2,1,0,0,2,0,2,2,1.8,3.8,37,35,83,0.1,0.1,0.2,0.1,0.2,0.2,0.18,0.38,0.2,0.38
258,Iglesias,es ESP,DF,Getafe,23,1998,20,7,719,8,0,1,1,0,0,0,1,0,0.1,0.1,0.9,0.9,15,15,24,0,0.13,0.13,0,0.13,0.01,0.11,0.12,0.01,0.12
259,Borja Iglesias,es ESP,FW,Betis,28,1993,33,18,1573,17.5,10,0,10,7,3,3,4,0,7.7,5.3,2.7,8,18,29,102,0.57,0,0.57,0.4,0.4,0.44,0.15,0.59,0.31,0.46
260,Asier Illarramendi,es ESP,MF,Real Sociedad,31,1990,8,6,374,4.2,0,0,0,0,0,0,1,0,0,0,0.3,0.3,0,19,5,0,0,0,0,0,0,0.07,0.07,0,0.07
261,Nikita Iosifov,ru RUS,MF,Villarreal,20,2001,1,0,1,0,0,0,0,0,0,0,0,0,0,0,0,0,0,0,3,0,0,0,0,0,0,0,0,0,0
262,Alexander Isak,se SWE,FW,Real Sociedad,21,1999,32,26,2140,23.8,6,2,8,4,2,2,6,0,9.8,8.2,3.2,11.4,58,43,160,0.25,0.08,0.34,0.17,0.25,0.41,0.13,0.55,0.35,0.48
263,Isco,es ESP,MFFW,Real Madrid,29,1992,14,3,331,3.7,1,0,1,1,0,0,1,0,0.7,0.7,1.4,2.2,16,42,17,0.27,0,0.27,0.27,0.27,0.2,0.39,0.59,0.2,0.59
264,Nicolas Jackson,sn SEN,FWMF,Villarreal,20,2001,9,0,165,1.8,0,0,0,0,0,0,1,0,1,1,0.5,1.4,6,4,20,0,0,0,0,0,0.52,0.26,0.78,0.52,0.78
265,Jakub Jankto,cz CZE,DFMF,Getafe,25,1996,14,6,587,6.5,0,2,2,0,0,0,1,1,0.2,0.2,1.4,1.6,8,20,32,0,0.31,0.31,0,0.31,0.03,0.22,0.25,0.03,0.25
266,Adnan Januzaj,be BEL,FWMF,Real Sociedad,26,1995,33,17,1625,18.1,3,0,3,1,2,2,5,0,4.1,2.5,2.9,5.4,65,80,140,0.17,0,0.17,0.06,0.06,0.23,0.16,0.39,0.14,0.3
267,Jason,es ESP,MFFW,Alavés,27,1994,14,10,678,7.5,0,1,1,0,0,0,1,0,0.9,0.9,1.7,2.6,11,10,31,0,0.13,0.13,0,0.13,0.13,0.22,0.35,0.13,0.35
268,Jason,es ESP,MFDF,Valencia,27,1994,5,1,75,0.8,0,0,0,0,0,0,2,0,0.1,0.1,0.2,0.3,4,4,6,0,0,0,0,0,0.07,0.29,0.36,0.07,0.36
269,Luis Javier Suárez,co COL,FW,Granada,23,1997,37,34,2844,31.6,8,4,12,8,0,1,6,0,9.8,9.1,3.1,12.2,62,63,196,0.25,0.13,0.38,0.25,0.38,0.31,0.1,0.41,0.29,0.39
270,Álvaro Jiménez,es ESP,MFFW,Cádiz,26,1995,9,1,234,2.6,0,0,0,0,0,0,0,0,0.1,0.1,0.1,0.2,11,5,19,0,0,0,0,0,0.03,0.05,0.08,0.03,0.08
271,Joaquín,es ESP,FWMF,Betis,40,1981,21,2,471,5.2,0,1,1,0,0,0,0,0,2,2,1.4,3.4,31,28,46,0,0.19,0.19,0,0.19,0.38,0.28,0.65,0.38,0.65
272,Jofre,es ESP,MFDF,Espanyol,20,2001,3,0,20,0.2,0,1,1,0,0,0,0,0,0,0,0.4,0.4,1,0,7,0,4.5,4.5,0,4.5,0,2.01,2.01,0,2.01
273,Frenkie de Jong,nl NED,MF,Barcelona,24,1997,32,30,2476,27.5,3,3,6,3,0,0,7,1,4.8,4.8,3.4,8.2,78,206,121,0.11,0.11,0.22,0.11,0.22,0.18,0.12,0.3,0.18,0.3
274,Luuk de Jong,nl NED,FW,Barcelona,30,1990,21,6,654,7.3,6,0,6,6,0,0,1,0,4.6,4.6,0.2,4.8,4,9,48,0.83,0,0.83,0.83,0.83,0.63,0.03,0.67,0.63,0.67
275,Joan Jordán,es ESP,MF,Sevilla,27,1994,36,31,2514,27.9,0,1,1,0,0,0,9,0,0.8,0.8,1.6,2.5,17,170,64,0,0.04,0.04,0,0.04,0.03,0.06,0.09,0.03,0.09
276,Josan,es ESP,DFMF,Elche,31,1989,31,10,1211,13.5,2,3,5,2,0,0,2,0,1,1,3.2,4.3,42,38,82,0.15,0.22,0.37,0.15,0.37,0.08,0.24,0.32,0.08,0.32
277,Willian José,br BRA,FW,Betis,29,1991,32,19,1604,17.8,8,4,12,5,3,3,2,0,6.1,3.7,3,6.7,18,38,100,0.45,0.22,0.67,0.28,0.5,0.34,0.17,0.51,0.21,0.37
278,Joselu,es ESP,FW,Alavés,31,1990,37,35,3122,34.7,14,4,18,8,6,7,0,0,12.9,7.4,4.5,11.9,27,108,137,0.4,0.12,0.52,0.23,0.35,0.37,0.13,0.5,0.21,0.34
279,Josema,es ESP,DF,Elche,25,1996,6,1,183,2,0,0,0,0,0,0,0,0,0,0,0.1,0.1,1,2,0,0,0,0,0,0,0,0.05,0.05,0,0.05
280,Luka Jović,rs SRB,FW,Real Madrid,23,1997,15,1,369,4.1,1,3,4,1,0,0,1,0,2.3,2.3,0.8,3.1,4,7,17,0.24,0.73,0.98,0.24,0.98,0.56,0.2,0.76,0.56,0.76
281,Miguel Juan Llambrich,es ESP,DF,Espanyol,25,1996,2,1,70,0.8,0,0,0,0,0,0,0,0,0,0,0,0,1,1,7,0,0,0,0,0,0,0,0,0,0
282,José Juan Macías,mx MEX,FWMF,Getafe,21,1999,7,2,201,2.2,0,0,0,0,0,0,1,0,0.1,0.1,0,0.1,1,5,19,0,0,0,0,0,0.06,0,0.06,0.06,0.06
283,Juanmi,es ESP,FW,Betis,28,1993,33,26,2131,23.7,16,4,20,16,0,0,5,0,11.1,11.1,2.9,14,26,38,107,0.68,0.17,0.84,0.68,0.84,0.47,0.12,0.59,0.47,0.59
284,Lago Junior,ci CIV,FWMF,Mallorca,30,1990,6,1,177,2,0,0,0,0,0,0,0,0,0.6,0.6,0,0.6,13,3,17,0,0,0,0,0,0.28,0,0.28,0.28,0.28
285,Vinicius Júnior,br BRA,FW,Real Madrid,21,2000,35,30,2690,29.9,17,10,27,17,0,0,6,0,12.3,12.3,8,20.3,225,123,485,0.57,0.33,0.9,0.57,0.9,0.41,0.27,0.68,0.41,0.68
286,Jutglà,es ESP,FW,Barcelona,22,1999,6,4,301,3.3,1,0,1,1,0,0,1,0,1.6,1.6,0.2,1.8,10,4,38,0.3,0,0.3,0.3,0.3,0.48,0.07,0.55,0.48,0.55
287,Jens Jønsson,dk DEN,MF,Cádiz,28,1993,22,17,1303,14.5,0,1,1,0,0,0,3,0,0.4,0.4,0.9,1.3,4,20,13,0,0.07,0.07,0,0.07,0.03,0.06,0.09,0.03,0.09
288,Lee Kangin,kr KOR,MFFW,Mallorca,20,2001,30,15,1411,15.7,1,2,3,1,0,0,4,1,1.5,1.5,2.1,3.6,32,48,64,0.06,0.13,0.19,0.06,0.19,0.09,0.13,0.23,0.09,0.23
289,Kike,es ESP,FW,Osasuna,31,1989,33,18,1862,20.7,5,1,6,4,1,1,2,0,6.7,5.9,2,8,26,36,144,0.24,0.05,0.29,0.19,0.24,0.32,0.1,0.42,0.29,0.38
290,Koba Koindredi,fr FRA,MF,Valencia,19,2001,10,1,181,2,0,0,0,0,0,0,1,0,0,0,0.1,0.1,2,5,5,0,0,0,0,0,0.01,0.06,0.07,0.01,0.07
291,Koke,es ESP,MF,Atlético Madrid,29,1992,31,29,2508,27.9,1,2,3,1,0,0,6,0,1,1,1.5,2.4,28,197,53,0.04,0.07,0.11,0.04,0.11,0.03,0.05,0.09,0.03,0.09
292,Luca Koleosho,ca CAN,FW,Espanyol,16,2004,1,0,1,0,0,0,0,0,0,0,0,0,0,0,0,0,0,1,0,0,0,0,0,0,0,0,0,0,0
293,Geoffrey Kondogbia,cf CTA,MFDF,Atlético Madrid,28,1993,28,21,1882,20.9,1,2,3,1,0,0,13,2,0.4,0.4,0.9,1.3,11,76,7,0.05,0.1,0.14,0.05,0.14,0.02,0.04,0.06,0.02,0.06
294,Jules Koundé,fr FRA,DF,Sevilla,22,1998,32,31,2736,30.4,2,1,3,2,0,0,2,2,1.1,1.1,2.3,3.4,48,168,35,0.07,0.03,0.1,0.07,0.1,0.04,0.08,0.11,0.04,0.11
295,Toni Kroos,de GER,MF,Real Madrid,31,1990,28,25,2103,23.4,1,3,4,1,0,0,4,0,2.2,2.2,3.2,5.4,40,277,38,0.04,0.13,0.17,0.04,0.17,0.09,0.14,0.23,0.09,0.23
296,Takefusa Kubo,jp JPN,FWMF,Mallorca,20,2001,28,17,1605,17.8,1,0,1,1,0,0,4,0,2.8,2.8,3,5.7,65,68,107,0.06,0,0.06,0.06,0.06,0.15,0.17,0.32,0.15,0.32
297,Víctor Laguardia,es ESP,DF,Alavés,31,1989,34,34,3042,33.8,3,2,5,3,0,0,9,0,2,2,0.9,2.9,2,72,3,0.09,0.06,0.15,0.09,0.15,0.06,0.03,0.09,0.06,0.09
298,Diego Lainez,mx MEX,FW,Betis,21,2000,7,1,140,1.6,0,0,0,0,0,0,0,0,0.1,0.1,0.4,0.5,4,3,11,0,0,0,0,0,0.06,0.23,0.3,0.06,0.3
299,Érik Lamela,ar ARG,FWMF,Sevilla,29,1992,20,10,1015,11.3,5,2,7,5,0,0,5,0,3.1,3.1,1.7,4.8,26,62,90,0.44,0.18,0.62,0.44,0.62,0.27,0.15,0.42,0.27,0.42
300,Latasa,es ESP,FW,Real Madrid,20,2001,1,0,9,0.1,0,0,0,0,0,0,0,0,0.1,0.1,0,0.1,0,0,1,0,0,0,0,0,0.64,0,0.64,0.64,0.64
301,Toni Lato,es ESP,DF,Valencia,23,1997,11,7,590,6.6,0,1,1,0,0,0,5,0,0,0,0.5,0.5,8,29,17,0,0.15,0.15,0,0.15,0,0.08,0.08,0,0.08
302,Robin Le Normand,fr FRA,DF,Real Sociedad,24,1996,37,37,3330,37,1,1,2,1,0,0,6,0,1.5,1.5,0.5,2,27,115,4,0.03,0.03,0.05,0.03,0.05,0.04,0.01,0.05,0.04,0.05
303,Jeremías Ledesma,ar ARG,GK,Cádiz,28,1993,38,38,3420,38,0,0,0,0,0,0,4,0,0,0,0,0,0,0,0,0,0,0,0,0,0,0,0,0,0
304,Wu Lei,cn CHN,FWMF,Espanyol,29,1991,23,4,474,5.3,1,0,1,1,0,0,0,0,1.1,1.1,0.9,1.9,8,6,21,0.19,0,0.19,0.19,0.19,0.2,0.17,0.37,0.2,0.37
305,Florian Lejeune,fr FRA,DF,Alavés,30,1991,30,30,2699,30,0,0,0,0,0,0,9,1,1.5,1.5,0.2,1.7,6,74,4,0,0,0,0,0,0.05,0.01,0.06,0.05,0.06
306,Iñigo Lekue,es ESP,DF,Athletic Club,28,1993,25,22,1925,21.4,0,2,2,0,0,0,3,0,0.1,0.1,2.3,2.5,52,84,72,0,0.09,0.09,0,0.09,0.01,0.11,0.11,0.01,0.11
307,Thomas Lemar,fr FRA,MF,Atlético Madrid,25,1995,24,17,1440,16,4,5,9,4,0,0,2,0,3.4,3.4,3.3,6.8,54,95,92,0.25,0.31,0.56,0.25,0.56,0.21,0.21,0.42,0.21,0.42
308,Ruben Lendinez,es ESP,DF,Valencia,18,2003,4,1,137,1.5,0,0,0,0,0,0,2,0,0,0,0,0,0,7,0,0,0,0,0,0,0.01,0,0.01,0.01,0.01
309,Clément Lenglet,fr FRA,DF,Barcelona,26,1995,21,7,826,9.2,0,1,1,0,0,0,4,0,0.2,0.2,0.3,0.5,19,80,1,0,0.11,0.11,0,0.11,0.02,0.04,0.05,0.02,0.05
310,Javier Llabrés,es ESP,FWMF,Mallorca,18,2002,5,1,132,1.5,0,0,0,0,0,0,0,0,0.1,0.1,0.1,0.2,3,5,15,0,0,0,0,0,0.08,0.09,0.17,0.08,0.17
311,Marcos Llorente,es ESP,MFDF,Atlético Madrid,26,1995,29,29,2447,27.2,0,2,2,0,0,0,5,0,0.7,0.7,2.6,3.3,63,81,181,0,0.07,0.07,0,0.07,0.02,0.1,0.12,0.02,0.12
312,Giovani Lo Celso,ar ARG,FWMF,Villarreal,25,1996,16,11,994,11,1,1,2,1,0,0,3,0,1.1,1.1,2.4,3.5,33,68,71,0.09,0.09,0.18,0.09,0.18,0.1,0.22,0.32,0.1,0.32
313,Julen Lobete,es ESP,FWMF,Real Sociedad,20,2000,13,2,284,3.2,2,0,2,2,0,0,0,0,1,1,0,1,3,4,29,0.63,0,0.63,0.63,0.63,0.33,0.01,0.33,0.33,0.33
314,Renan Lodi,br BRA,DF,Atlético Madrid,23,1998,29,13,1181,13.1,2,2,4,2,0,0,4,0,0.7,0.7,1.8,2.5,39,32,88,0.15,0.15,0.3,0.15,0.3,0.05,0.14,0.19,0.05,0.19
315,David López,es ESP,MFDF,Espanyol,31,1989,18,8,743,8.3,0,0,0,0,0,0,1,0,0.4,0.4,0.4,0.8,2,23,6,0,0,0,0,0,0.05,0.04,0.1,0.05,0.1
316,Diego López,es ESP,GK,Espanyol,39,1981,36,36,3177,35.3,0,0,0,0,0,0,4,0,0,0,0,0,0,0,0,0,0,0,0,0,0,0,0,0,0
317,Javi López,es ESP,DF,Alavés,19,2002,9,4,462,5.1,0,0,0,0,0,0,2,0,0,0,0.4,0.4,6,13,18,0,0,0,0,0,0,0.08,0.08,0,0.08
318,Unai López,es ESP,MF,Rayo Vallecano,25,1995,27,13,1160,12.9,0,0,0,0,0,0,5,0,1.1,1.1,1.4,2.6,16,68,36,0,0,0,0,0,0.09,0.11,0.2,0.09,0.2
319,Mamadou Loum,sn SEN,MF,Alavés,24,1996,32,26,2312,25.7,2,0,2,2,0,0,10,0,2.9,2.9,0.6,3.4,13,72,14,0.08,0,0.08,0.08,0.08,0.11,0.02,0.13,0.11,0.13
320,Anthony Lozano,hn HON,FWMF,Cádiz,28,1993,31,21,1672,18.6,7,2,9,7,0,0,8,0,5.1,5,0.9,5.9,43,25,84,0.38,0.11,0.48,0.38,0.48,0.27,0.05,0.32,0.27,0.32
321,Florentino Luís,pt POR,MF,Getafe,21,1999,22,9,992,11,0,1,1,0,0,0,2,0,0.1,0.1,0.3,0.4,3,33,11,0,0.09,0.09,0,0.09,0.01,0.03,0.03,0.01,0.03
322,José Luis Gayà,es ESP,DF,Valencia,26,1995,24,22,1871,20.8,2,4,6,2,0,0,8,2,1.2,1.2,2.6,3.8,36,67,92,0.1,0.19,0.29,0.1,0.29,0.06,0.12,0.18,0.06,0.18
323,José Luis Morales,es ESP,FWMF,Levante,34,1987,35,31,2719,30.2,13,7,20,10,3,5,7,0,14.3,10.4,5.2,15.6,100,97,241,0.43,0.23,0.66,0.33,0.56,0.47,0.17,0.65,0.34,0.52
324,Luismi,es ESP,FWMF,Sevilla,20,2001,2,0,13,0.1,0,0,0,0,0,0,0,0,0,0,0,0,0,1,0,0,0,0,0,0,0,0,0,0,0
325,Andriy Lunin,ua UKR,GK,Real Madrid,22,1999,2,2,180,2,0,0,0,0,0,0,0,0,0,0,0,0,0,0,0,0,0,0,0,0,0,0,0,0,0
326,Darwin Machís,ve VEN,MFFW,Granada,28,1993,25,16,1376,15.3,4,2,6,4,0,0,2,0,1.8,1.8,2.3,4.1,51,35,97,0.26,0.13,0.39,0.26,0.39,0.12,0.15,0.27,0.12,0.27
327,Pablo Maffeo,es ESP,DF,Mallorca,24,1997,35,35,2945,32.7,1,4,5,1,0,0,10,0,1.7,1.7,2.1,3.8,72,53,108,0.03,0.12,0.15,0.03,0.15,0.05,0.06,0.12,0.05,0.12
328,Nemanja Maksimović,rs SRB,MF,Getafe,26,1995,35,34,2936,32.6,1,2,3,1,0,0,5,0,2.6,2.6,0.8,3.4,28,51,44,0.03,0.06,0.09,0.03,0.09,0.08,0.03,0.1,0.08,0.1
329,Hugo Mallo,es ESP,DF,Celta Vigo,30,1991,21,21,1826,20.3,1,1,2,1,0,0,5,2,0.9,0.9,2.7,3.6,38,90,136,0.05,0.05,0.1,0.05,0.1,0.04,0.14,0.18,0.04,0.18
330,Mickael Malsa,mq MTQ,MF,Levante,25,1995,26,11,1143,12.7,1,2,3,1,0,0,7,0,1.1,1.1,1.7,2.8,7,53,11,0.08,0.16,0.24,0.08,0.24,0.09,0.13,0.22,0.09,0.22
331,Giorgi Mamardashvili,ge GEO,GK,Valencia,20,2000,18,18,1620,18,0,0,0,0,0,0,2,0,0,0,0,0,0,0,0,0,0,0,0,0,0,0,0,0,0
332,Reinildo Mandava,mz MOZ,DF,Atlético Madrid,27,1994,17,15,1298,14.4,0,0,0,0,0,0,5,0,0.5,0.5,0.1,0.5,15,43,25,0,0,0,0,0,0.03,0.01,0.04,0.03,0.04
333,Aïssa Mandi,dz ALG,DF,Villarreal,29,1991,17,14,1375,15.3,1,0,1,1,0,0,3,0,2.3,2.3,0.1,2.3,7,54,2,0.07,0,0.07,0.07,0.07,0.15,0,0.15,0.15,0.15
334,Maranhão,br BRA,FWMF,Valencia,24,1996,29,8,973,10.8,1,3,4,1,0,0,3,0,3,3,2.6,5.6,19,20,62,0.09,0.28,0.37,0.09,0.37,0.28,0.24,0.52,0.28,0.52
335,Nikola Maraš,rs SRB,DF,Rayo Vallecano,25,1995,16,11,1044,11.6,0,0,0,0,0,0,4,0,0,0,0.1,0.1,5,22,0,0,0,0,0,0,0,0.01,0.01,0,0.01
336,Marcelo,br BRA,DF,Real Madrid,33,1988,12,5,525,5.8,0,2,2,0,0,0,0,0,0.2,0.2,0.7,0.9,17,47,47,0,0.34,0.34,0,0.34,0.04,0.11,0.15,0.04,0.15
337,Iván Marcone,ar ARG,MF,Elche,31,1990,20,10,809,9,0,0,0,0,0,0,5,0,0.1,0.1,0,0.1,1,28,2,0,0,0,0,0,0.01,0,0.01,0.01,0.01
338,Óscar de Marcos,es ESP,DF,Athletic Club,32,1989,22,19,1679,18.7,1,2,3,1,0,0,5,0,0.3,0.3,2.1,2.4,42,92,91,0.05,0.11,0.16,0.05,0.16,0.01,0.12,0.13,0.01,0.13
339,José Mari,es ESP,MF,Cádiz,33,1987,11,4,386,4.3,0,0,0,0,0,0,3,1,0.3,0.3,0,0.4,8,25,5,0,0,0,0,0,0.08,0,0.08,0.08,0.08
340,José María Giménez,uy URU,DF,Atlético Madrid,26,1995,24,24,2042,22.7,1,1,2,1,0,0,7,0,1.7,1.7,0.9,2.6,5,44,2,0.04,0.04,0.09,0.04,0.09,0.08,0.04,0.11,0.08,0.11
341,Mariano,do DOM,FW,Real Madrid,27,1993,9,3,342,3.8,1,1,2,1,0,0,2,0,1.8,1.8,0.8,2.6,10,5,19,0.26,0.26,0.53,0.26,0.53,0.47,0.21,0.68,0.47,0.68
342,Mika Màrmol,es ESP,DF,Barcelona,19,2002,1,0,1,0,0,0,0,0,0,0,0,0,0,0,0,0,0,0,0,0,0,0,0,0,0,0,0,0,0
343,Roger Martí,es ESP,FW,Levante,30,1991,29,25,2115,23.5,7,3,10,6,1,3,8,0,8.4,6.1,3.2,9.3,24,50,133,0.3,0.13,0.43,0.26,0.38,0.36,0.14,0.49,0.26,0.39
344,Anthony Martial,fr FRA,FWMF,Sevilla,25,1995,9,7,490,5.4,0,1,1,0,0,0,1,0,0.4,0.4,0.1,0.5,14,11,43,0,0.18,0.18,0,0.18,0.07,0.02,0.09,0.07,0.09
345,Martín,es ESP,MF,Cádiz,22,1999,6,1,115,1.3,0,0,0,0,0,0,1,0,0.1,0.1,0,0.1,1,5,0,0,0,0,0,0,0.04,0.01,0.05,0.04,0.05
346,Ander Martin,es ESP,FWMF,Real Sociedad,20,2000,5,1,88,1,0,0,0,0,0,0,0,0,0.1,0.1,0.1,0.2,3,2,7,0,0,0,0,0,0.1,0.07,0.17,0.1,0.17
347,Andrés Martín,es ESP,FWMF,Rayo Vallecano,22,1999,7,1,186,2.1,0,0,0,0,0,0,0,0,0.6,0.6,0,0.6,1,4,5,0,0,0,0,0,0.3,0,0.3,0.3,0.3
348,Carlos Martín,es ESP,DF,Atlético Madrid,19,2002,1,0,6,0.1,0,0,0,0,0,0,1,0,0,0,0,0,0,0,1,0,0,0,0,0,0,0,0,0,0
349,Iván Martín,es ESP,MFFW,Alavés,22,1999,6,2,166,1.8,0,0,0,0,0,0,0,0,0.1,0.1,0,0.1,2,9,5,0,0,0,0,0,0.05,0,0.05,0.05,0.05
350,Iñigo Martínez,es ESP,DF,Athletic Club,30,1991,27,26,2341,26,3,0,3,3,0,0,9,2,2,2,0.5,2.5,29,78,8,0.12,0,0.12,0.12,0.12,0.08,0.02,0.09,0.08,0.09
351,Javi Martínez,es ESP,MFFW,Osasuna,21,1999,26,9,879,9.8,1,1,2,1,0,0,1,0,0.8,0.8,0.6,1.4,24,28,38,0.1,0.1,0.2,0.1,0.2,0.08,0.06,0.15,0.08,0.15
352,Pablo Martínez,es ESP,MF,Levante,23,1998,13,7,656,7.3,0,1,1,0,0,0,2,0,0.5,0.5,0.9,1.4,8,20,18,0,0.14,0.14,0,0.14,0.06,0.12,0.19,0.06,0.19
353,Omar Mascarell,es ESP,MF,Elche,28,1993,32,30,2493,27.7,0,0,0,0,0,0,6,0,0.5,0.5,0.2,0.6,12,92,7,0,0,0,0,0,0.02,0.01,0.02,0.02,0.02
354,Jaime Mata,es ESP,FW,Getafe,32,1988,22,4,672,7.5,1,0,1,1,0,0,7,0,1.3,1.3,0.6,1.9,6,11,61,0.13,0,0.13,0.13,0.13,0.17,0.08,0.26,0.17,0.26
355,Luís Maximiano,pt POR,GK,Granada,22,1999,35,35,3136,34.8,0,0,0,0,0,0,2,0,0,0,0,0,0,1,0,0,0,0,0,0,0,0,0,0,0
356,Borja Mayoral,es ESP,FW,Getafe,24,1997,18,11,1044,11.6,6,1,7,5,1,1,3,0,2.6,1.8,1.2,3,21,24,55,0.52,0.09,0.6,0.43,0.52,0.22,0.1,0.33,0.16,0.26
357,Jordi Mboula,es ESP,FW,Mallorca,22,1999,11,5,434,4.8,0,0,0,0,0,0,2,0,0.5,0.5,0.1,0.5,13,3,30,0,0,0,0,0,0.1,0.02,0.11,0.1,0.11
358,Óscar Melendo,es ESP,MFFW,Espanyol,23,1997,21,14,990,11,0,0,0,0,0,0,0,0,0.5,0.5,1.7,2.1,18,66,26,0,0,0,0,0,0.04,0.15,0.19,0.04,0.19
359,Gonzalo Melero,es ESP,MF,Levante,27,1994,29,20,1692,18.8,7,2,9,5,2,2,5,0,4.2,2.6,1,3.7,19,84,39,0.37,0.11,0.48,0.27,0.37,0.22,0.05,0.28,0.14,0.19
360,Memphis,nl NED,FW,Barcelona,27,1994,28,20,1851,20.6,12,2,14,8,4,5,3,0,11.2,7.3,4.4,11.7,83,72,239,0.58,0.1,0.68,0.39,0.49,0.54,0.21,0.76,0.35,0.57
361,Tomás Mendes,es ESP,MF,Alavés,16,2004,1,0,9,0.1,0,0,0,0,0,0,0,0,0,0,0,0,0,0,0,0,0,0,0,0,0,0,0,0,0
362,Brais Méndez,es ESP,MF,Celta Vigo,24,1997,37,36,3021,33.6,4,5,9,4,0,0,8,0,4.6,4.6,3.3,7.9,57,195,161,0.12,0.15,0.27,0.12,0.27,0.14,0.1,0.24,0.14,0.24
363,Édgar Méndez,es ESP,FWMF,Alavés,31,1990,32,17,1614,17.9,1,1,2,1,0,0,6,0,1.5,1.5,2.5,4,18,31,112,0.06,0.06,0.11,0.06,0.11,0.08,0.14,0.22,0.08,0.22
364,Ferland Mendy,fr FRA,DF,Real Madrid,26,1995,22,20,1734,19.3,2,1,3,2,0,0,4,0,1,1,1.4,2.5,71,99,116,0.1,0.05,0.16,0.1,0.16,0.05,0.08,0.13,0.05,0.13
365,Fran Mérida,es ESP,MF,Espanyol,31,1990,10,3,266,3,0,0,0,0,0,0,2,1,0.1,0.1,0.2,0.3,4,18,4,0,0,0,0,0,0.05,0.05,0.1,0.05,0.1
366,Mikel Merino,es ESP,MF,Real Sociedad,25,1996,34,33,2890,32.1,3,2,5,3,0,0,8,0,4.1,4.1,3.6,7.6,30,204,92,0.09,0.06,0.16,0.09,0.16,0.13,0.11,0.24,0.13,0.24
367,Martín Merquelanz,es ESP,FWMF,Rayo Vallecano,26,1995,4,3,173,1.9,0,0,0,0,0,0,0,0,0.2,0.2,0.9,1.1,5,9,9,0,0,0,0,0,0.09,0.47,0.56,0.09,0.56
368,Matt Miazga,us USA,DF,Alavés,26,1995,11,9,833,9.3,0,0,0,0,0,0,2,0,0.3,0.3,0.2,0.6,0,10,2,0,0,0,0,0,0.04,0.02,0.06,0.04,0.06
369,Miguel,es ESP,FWMF,Alavés,21,1999,22,10,829,9.2,1,1,2,1,0,0,2,0,1.9,1.9,0.3,2.2,17,6,62,0.11,0.11,0.22,0.11,0.22,0.21,0.03,0.24,0.21,0.24
370,Éder Militão,br BRA,DF,Real Madrid,23,1998,34,34,3031,33.7,1,2,3,1,0,0,5,0,2.5,2.5,1.1,3.5,22,102,15,0.03,0.06,0.09,0.03,0.09,0.07,0.03,0.11,0.07,0.11
371,Luis Milla,es ESP,MF,Granada,26,1994,34,33,2773,30.8,3,3,6,0,3,3,4,0,3.7,1.3,3.5,4.8,52,167,45,0.1,0.1,0.19,0,0.1,0.12,0.11,0.23,0.04,0.15
372,Pere Milla,es ESP,MFFW,Elche,28,1992,32,17,1644,18.3,8,3,11,8,0,0,4,0,4.9,4.9,1.7,6.6,17,39,75,0.44,0.16,0.6,0.44,0.6,0.27,0.09,0.36,0.27,0.36
373,Santi Mina,es ESP,FW,Celta Vigo,25,1995,33,30,2367,26.3,7,3,10,7,0,1,4,0,8.5,7.7,2.6,10.3,23,36,135,0.27,0.11,0.38,0.27,0.38,0.32,0.1,0.42,0.29,0.39
374,Óscar Mingueza,es ESP,DF,Barcelona,22,1999,19,9,894,9.9,0,1,1,0,0,0,2,0,0.3,0.3,0.9,1.2,13,43,40,0,0.1,0.1,0,0.1,0.03,0.09,0.12,0.03,0.12
375,Rafa Mir,es ESP,FW,Sevilla,24,1997,34,18,1808,20.1,10,0,10,10,0,0,6,0,7.5,7.5,0.3,7.8,18,16,76,0.5,0,0.5,0.5,0.5,0.37,0.02,0.39,0.37,0.39
376,Jorge Miramón,es ESP,DF,Levante,32,1989,29,22,1977,22,1,0,1,1,0,0,5,0,0.4,0.4,1.5,1.8,30,85,86,0.05,0,0.05,0.05,0.05,0.02,0.07,0.08,0.02,0.08
377,Juan Miranda,es ESP,DF,Betis,21,2000,13,9,783,8.7,0,2,2,0,0,0,3,0,0.2,0.2,1.4,1.6,7,33,51,0,0.23,0.23,0,0.23,0.02,0.16,0.18,0.02,0.18
378,Stefan Mitrović,rs SRB,DF,Getafe,31,1990,32,31,2667,29.6,0,0,0,0,0,0,8,1,0.2,0.2,0,0.2,2,29,1,0,0,0,0,0,0.01,0,0.01,0.01,0.01
379,Luka Modrić,hr CRO,MF,Real Madrid,35,1985,28,25,2032,22.6,2,8,10,1,1,1,4,0,2.5,1.7,5.2,6.8,67,221,87,0.09,0.35,0.44,0.04,0.4,0.11,0.23,0.34,0.07,0.3
380,Johan Mojica,co COL,DF,Elche,28,1992,33,32,2855,31.7,2,5,7,2,0,0,4,1,0.8,0.8,5.3,6.2,108,128,157,0.06,0.16,0.22,0.06,0.22,0.03,0.17,0.19,0.03,0.19
381,Jorge Molina,es ESP,FW,Granada,39,1982,35,19,1966,21.8,10,5,15,10,0,1,2,0,6.4,5.6,3.4,9,11,51,105,0.46,0.23,0.69,0.46,0.69,0.29,0.16,0.45,0.26,0.41
382,Jon Moncayola,es ESP,MF,Osasuna,23,1998,36,33,2915,32.4,2,3,5,2,0,0,2,0,2.3,2.3,1.7,3.9,19,131,66,0.06,0.09,0.15,0.06,0.15,0.07,0.05,0.12,0.07,0.12
383,Monchu,es ESP,MF,Granada,21,1999,14,7,668,7.4,0,0,0,0,0,0,3,1,0.4,0.4,0.8,1.2,8,33,12,0,0,0,0,0,0.06,0.11,0.17,0.06,0.17
384,Gonzalo Montiel,ar ARG,DF,Sevilla,24,1997,18,15,1066,11.8,1,2,3,1,0,0,7,0,0.3,0.3,1.9,2.2,29,43,78,0.08,0.17,0.25,0.08,0.25,0.02,0.16,0.18,0.02,0.18
385,Ángel Montoro,es ESP,MF,Granada,33,1988,24,13,1331,14.8,1,1,2,1,0,0,5,0,1.4,1.4,1.5,3,4,71,20,0.07,0.07,0.14,0.07,0.14,0.1,0.1,0.2,0.1,0.2
386,Martín Montoya,es ESP,DF,Betis,30,1991,6,6,518,5.8,0,1,1,0,0,0,2,0,0.3,0.3,1,1.2,9,31,33,0,0.17,0.17,0,0.17,0.05,0.17,0.22,0.05,0.22
387,Jon Morcillo,es ESP,MFFW,Athletic Club,22,1998,7,0,54,0.6,0,0,0,0,0,0,2,0,0.6,0.6,0,0.6,3,3,7,0,0,0,0,0,0.99,0,0.99,0.99,0.99
388,Alberto Moreno,es ESP,MFDF,Villarreal,29,1992,24,13,1223,13.6,3,2,5,3,0,0,3,0,3.1,3.1,1.9,5,34,53,87,0.22,0.15,0.37,0.22,0.37,0.23,0.14,0.37,0.23,0.37
389,Álex Moreno,es ESP,DF,Betis,28,1993,30,28,2404,26.7,5,3,8,5,0,0,3,1,3.8,3.8,1.9,5.7,93,97,175,0.19,0.11,0.3,0.19,0.3,0.14,0.07,0.21,0.14,0.21
390,Gerard Moreno,es ESP,FW,Villarreal,29,1992,17,14,1191,13.2,9,3,12,8,1,2,2,0,7.4,5.8,4.9,10.7,29,67,95,0.68,0.23,0.91,0.6,0.83,0.56,0.37,0.93,0.44,0.81
391,Tete Morente,es ESP,MF,Elche,24,1996,32,18,1632,18.1,3,3,6,3,0,0,4,0,3,3,1.8,4.8,59,50,135,0.17,0.17,0.33,0.17,0.33,0.16,0.1,0.26,0.16,0.26
392,Ilaix Moriba,gn GUI,MF,Valencia,18,2003,14,9,818,9.1,0,0,0,0,0,0,9,1,0.7,0.7,0.2,0.8,9,34,13,0,0,0,0,0,0.07,0.02,0.09,0.07,0.09
393,Manu Morlanes,es ESP,MF,Espanyol,22,1999,27,11,1144,12.7,2,0,2,2,0,0,6,1,0.7,0.7,0.3,1,21,81,6,0.16,0,0.16,0.16,0.16,0.05,0.02,0.07,0.05,0.07
394,Loren Morón,es ESP,FWMF,Espanyol,27,1993,21,4,563,6.3,1,0,1,1,0,0,0,0,0.7,0.7,0.7,1.4,5,5,19,0.16,0,0.16,0.16,0.16,0.11,0.12,0.23,0.11,0.23
395,Loren Morón,es ESP,FW,Betis,27,1993,1,0,4,0,0,0,0,0,0,0,0,0,0,0,0,0,0,0,0,0,0,0,0,0,0,0,0,0,0
396,Cristhian Mosquera,co COL,DF,Valencia,17,2004,6,3,212,2.4,0,0,0,0,0,0,1,0,0.3,0.3,0,0.3,1,7,0,0,0,0,0,0,0.11,0,0.11,0.11,0.11
397,Toni Moya,es ESP,MF,Alavés,23,1998,28,17,1386,15.4,0,1,1,0,0,0,2,0,1.3,1.3,1.8,3.1,19,43,17,0,0.06,0.06,0,0.06,0.08,0.12,0.2,0.08,0.2
398,Iker Muniain,es ESP,MF,Athletic Club,28,1992,35,34,2785,30.9,4,10,14,3,1,3,3,0,5.8,3.4,9.5,12.8,81,218,161,0.13,0.32,0.45,0.1,0.42,0.19,0.31,0.49,0.11,0.41
399,Aihen Muñoz,es ESP,DF,Real Sociedad,23,1997,20,15,1342,14.9,0,0,0,0,0,0,4,1,0.1,0.1,0.4,0.5,32,51,55,0,0,0,0,0,0.01,0.03,0.04,0.01,0.03
400,Jeison Murillo,co COL,DF,Celta Vigo,29,1992,19,12,1117,12.4,0,0,0,0,0,0,5,1,0.5,0.5,0,0.5,9,46,3,0,0,0,0,0,0.04,0,0.04,0.04,0.04
401,Vedat Muriqi,xk KVX,FW,Mallorca,27,1994,16,16,1438,16,5,3,8,3,2,2,6,0,5.3,3.7,1.4,5.1,19,33,84,0.31,0.19,0.5,0.19,0.38,0.33,0.09,0.42,0.23,0.32
402,Yunus Musah,us USA,MFFW,Valencia,18,2002,29,13,1259,14,1,0,1,1,0,0,5,0,0.5,0.5,1.2,1.7,59,44,78,0.07,0,0.07,0.07,0.07,0.04,0.08,0.12,0.04,0.12
403,Shkodran Mustafi,de GER,DF,Levante,29,1992,11,8,658,7.3,1,0,1,1,0,0,1,0,0.1,0.1,0,0.1,4,18,0,0.14,0,0.14,0.14,0.14,0.02,0,0.02,0.02,0.02
404,Nacho,es ESP,DF,Real Madrid,31,1990,28,17,1555,17.3,3,0,3,3,0,0,7,0,1.3,1.3,0.3,1.7,15,59,10,0.17,0,0.17,0.17,0.17,0.08,0.02,0.1,0.08,0.1
405,Roberto Navarro,es ESP,MFFW,Real Sociedad,19,2002,6,3,199,2.2,0,0,0,0,0,0,0,0,0.5,0.5,0,0.5,5,9,15,0,0,0,0,0,0.22,0.02,0.24,0.22,0.24
406,Ximo Navarro,es ESP,DF,Alavés,31,1990,18,16,1347,15,0,0,0,0,0,0,4,1,0.6,0.6,0.4,1,21,35,24,0,0,0,0,0,0.04,0.03,0.07,0.04,0.07
407,Jesús Navas,es ESP,DF,Sevilla,35,1985,25,19,1786,19.8,0,3,3,0,0,0,4,0,0.4,0.4,4.6,5,58,117,181,0,0.15,0.15,0,0.15,0.02,0.23,0.25,0.02,0.25
408,Álvaro Negredo,es ESP,FW,Cádiz,35,1985,34,24,2157,24,7,2,9,5,2,3,3,0,7.3,4.9,2.7,7.6,20,50,104,0.29,0.08,0.38,0.21,0.29,0.3,0.11,0.42,0.21,0.32
409,Neto,br BRA,GK,Barcelona,32,1989,3,3,270,3,0,0,0,0,0,0,0,0,0,0,0,0,0,0,0,0,0,0,0,0,0,0.02,0.02,0,0.02
410,Carlos Neva,es ESP,DF,Granada,25,1996,26,24,2108,23.4,0,0,0,0,0,0,1,0,1,1,1.2,2.2,27,37,89,0,0,0,0,0,0.04,0.05,0.09,0.04,0.09
411,Saúl Ñíguez,es ESP,FWMF,Atlético Madrid,26,1994,3,2,201,2.2,0,1,1,0,0,0,0,0,0.3,0.3,0.1,0.4,4,5,10,0,0.45,0.45,0,0.45,0.14,0.05,0.19,0.14,0.19
412,Fernando Niño,es ESP,FW,Mallorca,20,2000,23,9,884,9.8,2,0,2,2,0,0,2,0,3.8,3.8,0.4,4.2,18,8,47,0.2,0,0.2,0.2,0.2,0.39,0.04,0.43,0.39,0.43
413,Peru Nolaskoain,es ESP,DF,Athletic Club,22,1998,1,0,1,0,0,0,0,0,0,0,0,0,0,0,0,0,0,0,0,0,0,0,0,0,0,0,0,0,0
414,Nolito,es ESP,MF,Celta Vigo,34,1986,32,15,1384,15.4,2,0,2,2,0,0,2,0,2.9,2.9,1.9,4.8,10,73,66,0.13,0,0.13,0.13,0.13,0.19,0.12,0.31,0.19,0.31
415,Randy Ntekja,fr FRA,FWMF,Rayo Vallecano,23,1997,34,16,1462,16.2,3,0,3,3,0,0,2,0,3.4,3.4,1.4,4.7,21,31,84,0.18,0,0.18,0.18,0.18,0.21,0.08,0.29,0.21,0.29
416,Unai Núñez,es ESP,DF,Athletic Club,24,1997,9,7,622,6.9,0,0,0,0,0,0,2,0,0.8,0.8,0.2,1,8,33,3,0,0,0,0,0,0.12,0.02,0.15,0.12,0.15
417,Allan Nyom,cm CMR,DF,Getafe,33,1988,5,3,244,2.7,0,0,0,0,0,0,1,0,0,0,0.1,0.1,2,4,4,0,0,0,0,0,0,0.04,0.04,0,0.04
418,Jan Oblak,si SVN,GK,Atlético Madrid,28,1993,38,38,3420,38,0,0,0,0,0,0,2,0,0,0,0,0,0,0,0,0,0,0,0,0,0,0,0,0,0
419,Lucas Ocampos,ar ARG,FW,Sevilla,27,1994,30,23,2125,23.6,6,4,10,6,0,0,7,0,5.9,5.9,1.9,7.8,68,80,230,0.25,0.17,0.42,0.25,0.42,0.25,0.08,0.33,0.25,0.33
420,Lucas Olaza,uy URU,DF,Elche,27,1994,5,3,295,3.3,1,0,1,1,0,0,1,0,0.7,0.7,0.3,1,2,16,22,0.31,0,0.31,0.31,0.31,0.22,0.09,0.32,0.22,0.32
421,Oier Olazábal,es ESP,GK,Espanyol,31,1989,2,1,135,1.5,0,0,0,0,0,0,0,0,0,0,0,0,0,0,0,0,0,0,0,0,0,0,0,0,0
422,Brian Oliván,es ESP,DF,Mallorca,27,1994,28,24,2189,24.3,1,0,1,1,0,1,7,0,1.8,1,2.2,3.2,31,65,91,0.04,0,0.04,0.04,0.04,0.07,0.09,0.16,0.04,0.13
423,Mathías Olivera,uy URU,DF,Getafe,23,1997,32,32,2803,31.1,1,3,4,1,0,0,10,0,2.4,2,2.4,4.4,73,101,95,0.03,0.1,0.13,0.03,0.13,0.08,0.08,0.16,0.06,0.14
424,Javier Ontiveros,es ESP,FWMF,Osasuna,23,1997,3,0,39,0.4,0,0,0,0,0,0,0,0,0.1,0.1,0,0.1,6,2,2,0,0,0,0,0,0.16,0,0.16,0.16,0.16
425,Pedro Ortiz,es ESP,MF,Sevilla,20,2000,1,0,7,0.1,0,0,0,0,0,0,0,0,0.3,0.3,0.5,0.8,0,5,0,0,0,0,0,0,3.23,6.93,10.16,3.23,10.16
426,Milutin Osmajić,me MNE,FWMF,Cádiz,22,1999,10,2,257,2.9,0,0,0,0,0,0,0,0,0.3,0.3,0,0.3,1,1,6,0,0,0,0,0,0.11,0,0.11,0.11,0.11
427,Jesús Owono,gq EQG,GK,Alavés,20,2001,1,1,90,1,0,0,0,0,0,0,0,0,0,0,0,0,0,0,0,0,0,0,0,0,0,0,0,0,0
428,Mikel Oyarzabal,es ESP,FWMF,Real Sociedad,24,1997,22,19,1671,18.6,9,3,12,5,4,5,0,1,9.3,5.4,3.7,9,51,46,144,0.48,0.16,0.65,0.27,0.43,0.5,0.2,0.7,0.29,0.49
429,Fernando Pacheco,es ESP,GK,Alavés,29,1992,34,34,3053,33.9,0,0,0,0,0,0,1,0,0,0,0.3,0.3,0,0,0,0,0,0,0,0,0,0.01,0.01,0,0.01
430,Jon Pacheco,es ESP,DF,Real Sociedad,20,2001,10,4,381,4.2,0,0,0,0,0,0,1,0,0,0,0,0,0,11,0,0,0,0,0,0,0,0,0,0,0
431,Helibelton Palacios,co COL,DF,Elche,28,1993,26,22,1931,21.5,0,0,0,0,0,0,6,0,0.1,0.1,0.1,0.2,31,52,49,0,0,0,0,0,0,0.01,0.01,0,0.01
432,Isaac Palazón Camacho,es ESP,FWMF,Rayo Vallecano,26,1994,34,27,2288,25.4,2,4,6,2,0,0,7,0,3.1,3.1,3.1,6.2,41,94,148,0.08,0.16,0.24,0.08,0.24,0.12,0.12,0.24,0.12,0.24
433,Daniel Parejo,es ESP,MF,Villarreal,32,1989,33,32,2704,30,2,10,12,1,1,1,3,0,1.5,0.7,6.9,7.6,36,256,36,0.07,0.33,0.4,0.03,0.37,0.05,0.23,0.28,0.02,0.25
434,Raúl Parra,es ESP,DF,Cádiz,21,1999,2,1,88,1,0,0,0,0,0,0,0,0,0,0,0,0,1,1,2,0,0,0,0,0,0,0,0,0,0
435,Javier Pastore,ar ARG,MFFW,Elche,32,1989,13,6,525,5.8,0,0,0,0,0,0,2,1,0.5,0.5,0.7,1.1,16,35,36,0,0,0,0,0,0.08,0.12,0.2,0.08,0.2
436,Gabriel Paulista,br BRA,DF,Valencia,30,1990,19,19,1592,17.7,2,1,3,2,0,0,2,0,0.8,0.8,0.2,1,9,35,1,0.11,0.06,0.17,0.11,0.17,0.04,0.01,0.06,0.04,0.06
437,Alfonso Pedraza,es ESP,DF,Villarreal,25,1996,28,19,1701,18.9,4,4,8,4,0,0,2,0,1.9,1.9,5.2,7.2,94,64,182,0.21,0.21,0.42,0.21,0.42,0.1,0.28,0.38,0.1,0.38
438,Pedri,es ESP,MF,Barcelona,18,2002,12,10,885,9.8,3,1,4,3,0,0,0,0,1.3,1.3,1.2,2.5,23,84,42,0.31,0.1,0.41,0.31,0.41,0.13,0.12,0.25,0.13,0.25
439,Pedrosa,es ESP,DF,Espanyol,23,1998,31,31,2720,30.2,1,1,2,1,0,0,8,0,1,1,1.2,2.3,90,69,140,0.03,0.03,0.07,0.03,0.07,0.03,0.04,0.07,0.03,0.07
440,Facundo Pellistri,uy URU,MFFW,Alavés,19,2001,21,6,672,7.5,0,0,0,0,0,0,0,0,0.5,0.5,0.5,1,24,11,42,0,0,0,0,0,0.07,0.06,0.13,0.07,0.13
441,Rubén Peña,es ESP,MFFW,Villarreal,30,1991,7,1,132,1.5,0,0,0,0,0,0,1,0,0.2,0.2,1.1,1.3,5,3,14,0,0,0,0,0,0.16,0.74,0.9,0.16,0.9
442,Alberto Perea,es ESP,MF,Cádiz,30,1990,18,8,777,8.6,0,1,1,0,0,0,2,0,0.9,0.9,0.6,1.4,32,53,72,0,0.12,0.12,0,0.12,0.1,0.07,0.16,0.1,0.16
443,Victor Perea,es ESP,DF,Espanyol,21,2000,1,0,4,0,0,0,0,0,0,0,0,0,0,0,0,0,0,0,0,0,0,0,0,0,0,0,0,0,0
444,Iñigo Pérez,es ESP,MF,Osasuna,33,1988,10,4,338,3.8,1,0,1,1,0,0,0,0,0.1,0.1,1,1.1,8,18,14,0.27,0,0.27,0.27,0.27,0.03,0.28,0.31,0.03,0.31
445,Juan Pérez,es ESP,GK,Osasuna,25,1996,2,2,180,2,0,0,0,0,0,0,0,0,0,0,0,0,0,0,0,0,0,0,0,0,0,0,0,0,0
446,Kike Pérez,es ESP,MFFW,Elche,24,1997,12,5,519,5.8,2,0,2,2,0,0,1,0,1,1,0.8,1.8,23,19,20,0.35,0,0.35,0.35,0.35,0.17,0.13,0.31,0.17,0.31
447,Lucas Pérez,es ESP,FW,Elche,32,1988,18,16,1266,14.1,2,1,3,2,0,0,0,0,2.2,2.2,1.6,3.8,17,40,59,0.14,0.07,0.21,0.14,0.21,0.16,0.11,0.27,0.16,0.27
448,Lucas Pérez,es ESP,FWMF,Cádiz,32,1988,15,11,1060,11.8,3,2,5,3,0,0,1,0,3.3,3.3,3.7,7,17,41,61,0.25,0.17,0.42,0.25,0.42,0.28,0.31,0.59,0.28,0.59
449,Njegoš Petrović,rs SRB,MF,Granada,22,1999,15,10,918,10.2,0,1,1,0,0,0,5,0,0.7,0.7,0.1,0.8,3,33,14,0,0.1,0.1,0,0.1,0.07,0.01,0.08,0.07,0.08
450,Alex Petxa,es ESP,DFMF,Athletic Club,24,1997,17,1,412,4.6,0,0,0,0,0,0,4,0,0.1,0.1,0.3,0.4,8,25,14,0,0,0,0,0,0.03,0.06,0.09,0.03,0.09
451,Germán Pezzella,ar ARG,DF,Betis,30,1991,23,22,1988,22.1,1,0,1,1,0,0,5,1,1.3,1.3,0,1.3,2,22,5,0.05,0,0.05,0.05,0.05,0.06,0,0.06,0.06,0.06
452,Pablo Piatti,ar ARG,MFFW,Elche,32,1989,10,3,312,3.5,0,0,0,0,0,0,0,0,0.2,0.2,0.4,0.6,4,2,21,0,0,0,0,0,0.05,0.11,0.16,0.05,0.16
453,Cristiano Piccini,it ITA,DF,Valencia,28,1992,6,3,322,3.6,1,0,1,1,0,0,1,0,0.2,0.2,0.1,0.2,5,14,10,0.28,0,0.28,0.28,0.28,0.04,0.02,0.07,0.04,0.07
454,Tomás Pina Isla,es ESP,MF,Alavés,33,1987,29,16,1444,16,0,0,0,0,0,0,4,0,0.5,0.5,0.3,0.7,4,50,8,0,0,0,0,0,0.03,0.02,0.05,0.03,0.05
455,Orbelín Pineda,mx MEX,MFFW,Celta Vigo,25,1996,7,0,99,1.1,0,0,0,0,0,0,0,0,0.5,0.5,0,0.6,1,12,4,0,0,0,0,0,0.47,0.02,0.5,0.47,0.5
456,Yeremi Pino,es ESP,MFFW,Villarreal,18,2002,31,21,1678,18.6,6,4,10,6,0,0,2,0,5.5,5.5,3.5,9,43,38,164,0.32,0.21,0.54,0.32,0.54,0.29,0.19,0.48,0.29,0.48
457,Gerard Piqué,es ESP,DF,Barcelona,34,1987,27,25,2092,23.2,1,0,1,1,0,0,10,1,1.6,1.6,0.5,2.1,25,132,4,0.04,0,0.04,0.04,0.04,0.07,0.02,0.09,0.07,0.09
458,Ezequiel Ponce,ar ARG,FW,Elche,24,1997,13,5,667,7.4,1,0,1,1,0,0,1,1,2.5,2.5,0.3,2.8,6,10,39,0.13,0,0.13,0.13,0.13,0.34,0.03,0.38,0.34,0.38
459,Pere Pons,es ESP,MF,Alavés,28,1993,27,17,1366,15.2,1,0,1,1,0,0,2,0,1.5,1.5,0.6,2.1,20,37,50,0.07,0,0.07,0.07,0.07,0.1,0.04,0.14,0.1,0.14
460,Portu,es ESP,FWMF,Real Sociedad,29,1992,37,17,1590,17.7,1,2,3,0,1,1,5,0,2.9,2.1,2.5,4.6,44,41,150,0.06,0.11,0.17,0,0.11,0.16,0.14,0.3,0.12,0.26
461,Sergio Postigo,es ESP,DF,Levante,32,1988,13,10,848,9.4,0,0,0,0,0,0,3,0,0.1,0.1,0.1,0.2,2,25,2,0,0,0,0,0,0.01,0.01,0.02,0.01,0.02
462,Darío Poveda,es ESP,FWMF,Getafe,24,1997,15,3,380,4.2,1,0,1,1,0,0,0,0,0.3,0.3,0.1,0.4,5,8,24,0.24,0,0.24,0.24,0.24,0.07,0.02,0.09,0.07,0.09
463,José Pozo,es ESP,MFDF,Rayo Vallecano,25,1996,5,0,72,0.8,0,0,0,0,0,0,0,0,0.1,0.1,0.3,0.5,2,11,7,0,0,0,0,0,0.18,0.42,0.6,0.18,0.6
464,Abdón Prats,es ESP,FW,Mallorca,28,1992,23,6,641,7.1,3,0,3,3,0,0,3,0,1.5,1.5,0.7,2.2,4,17,33,0.42,0,0.42,0.42,0.42,0.21,0.1,0.31,0.21,0.31
465,Alejandro Primo,es ESP,GK,Levante,17,2004,1,1,90,1,0,0,0,0,0,0,0,0,0,0,0,0,0,0,0,0,0,0,0,0,0,0,0,0,0
466,Javi Puado,es ESP,MFFW,Espanyol,23,1998,30,26,2245,24.9,4,1,5,4,0,0,5,0,4.9,4.9,1.2,6.1,64,56,130,0.16,0.04,0.2,0.16,0.2,0.2,0.05,0.25,0.2,0.25
467,Pubill,es ESP,DFMF,Levante,18,2003,11,5,512,5.7,0,1,1,0,0,0,1,0,0.9,0.9,1.2,2,10,11,28,0,0.18,0.18,0,0.18,0.15,0.2,0.36,0.15,0.36
468,Antonio Puertas,es ESP,MFFW,Granada,29,1992,33,25,2261,25.1,6,1,7,6,0,0,4,0,3.5,3.5,0.9,4.4,51,54,126,0.24,0.04,0.28,0.24,0.28,0.14,0.04,0.17,0.14,0.17
469,Riqui Puig,es ESP,MF,Barcelona,21,1999,15,2,487,5.4,1,0,1,1,0,0,0,0,0.7,0.7,0.2,0.9,9,40,24,0.18,0,0.18,0.18,0.18,0.12,0.04,0.16,0.12,0.16
470,Yacine Qasmi,ma MAR,FW,Rayo Vallecano,30,1991,1,0,4,0,0,0,0,0,0,0,0,0,0,0,0,0,0,0,1,0,0,0,0,0,0,0,0,0,0
471,Quini,es ESP,DF,Granada,31,1989,32,27,2304,25.6,0,1,1,0,0,0,11,0,0.5,0.5,1.4,1.9,26,52,67,0,0.04,0.04,0,0.04,0.02,0.05,0.07,0.02,0.07
472,Dani Raba,es ESP,MFFW,Villarreal,25,1995,7,0,89,1,0,0,0,0,0,0,1,0,0,0,0.3,0.3,1,5,12,0,0,0,0,0,0,0.35,0.35,0,0.35
473,Dani Raba,es ESP,MFFW,Granada,25,1995,2,0,26,0.3,0,0,0,0,0,0,0,0,0,0,0,0,1,0,2,0,0,0,0,0,0,0,0,0,0
474,Uroš Račić,rs SRB,MF,Valencia,23,1998,28,13,1206,13.4,0,0,0,0,0,0,3,1,0.9,0.9,0.4,1.3,6,55,15,0,0,0,0,0,0.07,0.03,0.1,0.07,0.1
475,Nemanja Radoja,rs SRB,MF,Levante,28,1993,19,17,1214,13.5,0,0,0,0,0,0,3,0,0.3,0.3,0.8,1.1,9,25,23,0,0,0,0,0,0.03,0.06,0.08,0.03,0.08
476,Rafinha,br BRA,MF,Real Sociedad,28,1993,17,13,1050,11.7,1,0,1,1,0,0,3,0,2.5,2.5,0.5,3,34,54,31,0.09,0,0.09,0.09,0.09,0.22,0.04,0.26,0.22,0.26
477,Antonio Raillo,es ESP,DF,Mallorca,29,1991,17,17,1530,17,2,0,2,2,0,0,8,0,0.7,0.7,0,0.7,15,50,0,0.12,0,0.12,0.12,0.12,0.04,0,0.04,0.04,0.04
478,Ivan Rakitić,hr CRO,MF,Sevilla,33,1988,35,26,2182,24.2,4,6,10,3,1,2,5,0,3.2,1.6,2.6,4.2,23,160,62,0.16,0.25,0.41,0.12,0.37,0.13,0.11,0.24,0.07,0.17
479,Jonás Ramalho,es ESP,DF,Osasuna,28,1993,3,3,243,2.7,0,0,0,0,0,0,0,0,0,0,0,0,2,13,6,0,0,0,0,0,0.02,0,0.02,0.02,0.02
480,Sandro Ramírez,es ESP,FW,Getafe,26,1995,29,19,1462,16.2,3,0,3,3,0,0,7,0,3,3,0.9,3.9,34,23,107,0.18,0,0.18,0.18,0.18,0.18,0.06,0.24,0.18,0.24
481,Raúl,es ESP,FWDF,Betis,20,2000,1,0,1,0,0,0,0,0,0,0,0,0,0,0,0,0,0,0,0,0,0,0,0,0,0,0,0,0,0
482,Lluís Recasens,es ESP,DF,Espanyol,19,2002,1,0,45,0.5,0,0,0,0,0,0,0,0,0,0,0,0,0,2,0,0,0,0,0,0,0,0,0,0,0
483,Manolo Reina,es ESP,GK,Mallorca,36,1985,21,21,1890,21,0,0,0,0,0,0,5,1,0,0,0,0,0,0,0,0,0,0,0,0,0,0,0,0,0
484,Karim Rekik,nl NED,DF,Sevilla,26,1994,18,11,1098,12.2,0,2,2,0,0,0,2,0,0.2,0.2,0.4,0.6,12,30,13,0,0.16,0.16,0,0.16,0.02,0.03,0.05,0.02,0.05
485,Álex Remiro,es ESP,GK,Real Sociedad,26,1995,35,35,3150,35,0,0,0,0,0,0,1,0,0,0,0,0,0,0,0,0,0,0,0,0,0,0,0,0,0
486,Nico Ribaudo,es ESP,MFFW,Espanyol,20,2001,31,7,1116,12.4,2,0,2,2,0,0,5,1,1,1,1.4,2.4,40,54,74,0.16,0,0.16,0.16,0.16,0.08,0.12,0.2,0.08,0.2
487,Diego Rico,es ESP,DF,Real Sociedad,28,1993,21,19,1644,18.3,0,0,0,0,0,0,4,0,0.2,0.2,0.9,1.1,24,92,70,0,0,0,0,0,0.01,0.05,0.06,0.01,0.06
488,Sergio Rico,es ESP,GK,Mallorca,27,1993,14,14,1260,14,0,0,0,0,0,0,0,0,0,0,0,0,0,0,0,0,0,0,0,0,0,0,0,0,0
489,Luis Rioja,es ESP,MFFW,Alavés,27,1993,37,36,3111,34.6,1,3,4,1,0,0,3,0,3,3,5.1,8.2,122,77,213,0.03,0.09,0.12,0.03,0.12,0.09,0.15,0.24,0.09,0.24
490,Rober,es ESP,DF,Levante,26,1995,27,21,2010,22.3,1,0,1,1,0,0,5,1,1.3,1.3,0.2,1.4,17,53,5,0.04,0,0.04,0.04,0.04,0.06,0.01,0.06,0.06,0.06
491,Sergi Roberto,es ESP,MFDF,Barcelona,29,1992,9,4,400,4.4,2,1,3,2,0,0,1,0,1.5,1.5,0.4,1.9,6,15,15,0.45,0.23,0.68,0.45,0.68,0.33,0.1,0.43,0.33,0.43
492,Rubén Rochina,es ESP,MFFW,Granada,30,1991,15,8,743,8.3,1,3,4,1,0,0,3,0,0.6,0.6,0.8,1.4,13,46,38,0.12,0.36,0.48,0.12,0.48,0.07,0.1,0.17,0.07,0.17
493,Enzo Roco,cl CHI,DF,Elche,28,1992,30,29,2552,28.4,1,0,1,1,0,0,10,0,1.3,1.3,0.1,1.4,12,42,8,0.04,0,0.04,0.04,0.04,0.05,0,0.05,0.05,0.05
494,Rodrigo,es ESP,FW,Betis,21,2000,21,10,881,9.8,1,2,3,1,0,0,1,0,1.4,1.4,1.8,3.2,24,59,78,0.1,0.2,0.31,0.1,0.31,0.14,0.18,0.32,0.14,0.32
495,Kévin Rodrigues,pt POR,DFFW,Rayo Vallecano,27,1994,13,5,435,4.8,0,0,0,0,0,0,0,0,0.1,0.1,0.1,0.2,9,16,11,0,0,0,0,0,0.02,0.01,0.03,0.02,0.03
496,Ángel Rodríguez,es ESP,FWMF,Mallorca,34,1987,29,19,1544,17.2,4,2,6,4,0,0,4,0,3.9,3.9,0.9,4.8,23,27,85,0.23,0.12,0.35,0.23,0.35,0.23,0.06,0.28,0.23,0.28
497,Óscar Rodríguez Arnaiz,es ESP,MFFW,Getafe,23,1998,18,9,943,10.5,0,1,1,0,0,0,2,0,1,1,0.9,1.9,19,36,31,0,0.1,0.1,0,0.1,0.09,0.09,0.18,0.09,0.18
498,Óscar Rodríguez Arnaiz,es ESP,FWMF,Sevilla,23,1998,11,4,417,4.6,0,0,0,0,0,0,1,0,0.6,0.6,0.8,1.4,13,22,39,0,0,0,0,0,0.13,0.16,0.3,0.13,0.3
499,Dani Rodríguez,es ESP,MFFW,Mallorca,33,1988,36,33,2832,31.5,3,3,6,3,0,0,7,0,3.2,3.2,2.8,6,65,94,130,0.1,0.1,0.19,0.1,0.19,0.1,0.09,0.19,0.1,0.19
500,Guido Rodríguez,ar ARG,MF,Betis,27,1994,32,29,2529,28.1,1,2,3,1,0,0,9,1,1,1,0.5,1.6,13,123,14,0.04,0.07,0.11,0.04,0.11,0.04,0.02,0.06,0.04,0.06
501,Rodrygo,br BRA,FW,Real Madrid,20,2001,33,17,1523,16.9,4,4,8,4,0,0,4,0,3.4,3.4,2.4,5.8,76,49,194,0.24,0.24,0.47,0.24,0.47,0.2,0.14,0.34,0.2,0.34
502,Leonardo Román,es ESP,GK,Mallorca,21,2000,2,2,180,2,0,0,0,0,0,0,0,0,0,0,0,0,0,0,0,0,0,0,0,0,0,0,0,0,0
503,Iván Romero,es ESP,FW,Sevilla,20,2001,5,2,178,2,0,0,0,0,0,0,0,0,0.7,0.7,0,0.7,3,4,17,0,0,0,0,0,0.35,0,0.35,0.35,0.35
504,Unai Ropero,es ESP,MF,Alavés,19,2001,1,0,12,0.1,0,0,0,0,0,0,0,0,0,0,0,0,0,0,1,0,0,0,0,0,0,0,0,0,0
505,Rubén,es ESP,DF,Espanyol,20,2001,4,1,150,1.7,0,1,1,0,0,0,0,0,0,0,0.5,0.6,5,1,8,0,0.6,0.6,0,0.6,0.01,0.32,0.33,0.01,0.33
506,Aitor Ruibal,es ESP,FWDF,Betis,25,1996,19,9,856,9.5,0,0,0,0,0,0,6,0,1,1,1,2,21,28,72,0,0,0,0,0,0.11,0.11,0.21,0.11,0.21
507,Isma Ruiz,es ESP,MF,Granada,20,2001,8,3,283,3.1,0,0,0,0,0,0,1,0,0.1,0.1,0.1,0.2,3,2,3,0,0,0,0,0,0.04,0.04,0.08,0.04,0.08
508,Víctor Ruiz,es ESP,DF,Betis,32,1989,18,17,1424,15.8,0,0,0,0,0,0,2,0,0.9,0.9,0.1,1,5,54,2,0,0,0,0,0,0.05,0.01,0.06,0.05,0.06
509,Gerónimo Rulli,ar ARG,GK,Villarreal,29,1992,32,32,2880,32,0,0,0,0,0,0,2,0,0,0,0,0,0,2,1,0,0,0,0,0,0,0,0,0,0
510,Franco Russo,ar ARG,DF,Mallorca,26,1994,19,17,1464,16.3,1,0,1,1,0,0,7,2,0.2,0.2,0.2,0.4,4,41,3,0.06,0,0.06,0.06,0.06,0.01,0.01,0.02,0.01,0.02
511,Mathew Ryan,au AUS,GK,Real Sociedad,29,1992,3,3,270,3,0,0,0,0,0,0,0,0,0,0,0,0,0,0,0,0,0,0,0,0,0,0,0,0,0
512,Youssouf Sabaly,sn SEN,DF,Betis,28,1993,10,9,788,8.8,0,1,1,0,0,0,1,0,0.1,0.1,0.5,0.6,24,30,35,0,0.11,0.11,0,0.11,0.01,0.06,0.07,0.01,0.07
513,Salvi,es ESP,MFFW,Cádiz,30,1991,23,17,1395,15.5,2,1,3,2,0,1,3,1,2.6,1.8,1.2,3,36,25,88,0.13,0.06,0.19,0.13,0.19,0.17,0.08,0.24,0.12,0.19
514,Fede San Emeterio,es ESP,MF,Cádiz,24,1997,12,10,830,9.2,0,0,0,0,0,0,3,0,0,0,0.3,0.3,1,22,1,0,0,0,0,0,0,0.03,0.03,0,0.03
515,Oihan Sancet,es ESP,FW,Athletic Club,21,2000,27,16,1422,15.8,6,4,10,6,0,0,2,0,3.4,3.4,2.9,6.3,28,76,152,0.38,0.25,0.63,0.38,0.63,0.21,0.19,0.4,0.21,0.4
516,Antonio Sánchez,es ESP,MFFW,Mallorca,24,1997,29,19,1616,18,1,0,1,1,0,0,3,1,1.4,1.4,0.4,1.8,24,66,50,0.06,0,0.06,0.06,0.06,0.08,0.02,0.1,0.08,0.1
517,Germán Sánchez,es ESP,DF,Granada,34,1986,32,25,2299,25.5,2,1,3,2,0,0,11,1,1.4,1.4,0.2,1.6,10,41,5,0.08,0.04,0.12,0.08,0.12,0.06,0.01,0.06,0.06,0.06
518,Juan Sánchez,es ESP,,Sevilla,17,2003,1,0,5,0.1,0,0,0,0,0,0,1,0,,,,,,,,0,0,0,0,0,,,,,
519,Manuel Sánchez,es ESP,DF,Osasuna,20,2000,33,25,2257,25.1,1,3,4,1,0,0,6,0,0.4,0.4,1.9,2.3,43,97,117,0.04,0.12,0.16,0.04,0.16,0.02,0.08,0.09,0.02,0.09
520,Oier Sanjurjo,es ESP,MF,Osasuna,35,1986,25,8,758,8.4,1,0,1,1,0,0,3,0,0.7,0.7,0.2,0.9,3,34,25,0.12,0,0.12,0.12,0.12,0.08,0.02,0.11,0.08,0.11
521,Jesús Santiago,es ESP,MF,Valencia,17,2004,3,0,82,0.9,0,0,0,0,0,0,0,0,0,0,0,0,0,2,1,0,0,0,0,0,0,0,0,0,0
522,Sergio Santos,es ESP,DF,Real Madrid,20,2001,1,0,11,0.1,0,0,0,0,0,0,0,0,0,0,0.1,0.1,0,0,1,0,0,0,0,0,0,0.56,0.56,0,0.56
523,Alvaro Sanz,es ESP,MF,Barcelona,20,2001,2,0,29,0.3,0,0,0,0,0,0,0,0,0,0,0,0,0,1,0,0,0,0,0,0,0,0.05,0.05,0,0.05
524,Marcelo Saracchi,uy URU,DF,Levante,23,1998,4,2,186,2.1,0,1,1,0,0,0,2,0,0,0,0.2,0.2,4,8,14,0,0.48,0.48,0,0.48,0,0.11,0.11,0,0.11
525,Joan Sastre Vanrell,es ESP,DF,Mallorca,24,1997,7,2,258,2.9,0,0,0,0,0,0,1,0,0.1,0.1,0,0.1,4,3,5,0,0,0,0,0,0.02,0,0.02,0.02,0.02
526,Esteban Saveljich,me MNE,DF,Rayo Vallecano,30,1991,21,21,1700,18.9,0,0,0,0,0,0,4,0,0.6,0.6,0,0.6,2,20,1,0,0,0,0,0,0.03,0,0.03,0.03,0.03
527,Stefan Savić,me MNE,DF,Atlético Madrid,30,1991,28,28,2440,27.1,0,0,0,0,0,0,12,0,1.9,1.9,0.1,2,30,74,6,0,0,0,0,0,0.07,0,0.08,0.07,0.08
528,Valentino Scotta,es ESP,DF,Sevilla,19,2001,1,0,1,0,0,0,0,0,0,0,0,0,0,0,0,0,0,0,0,0,0,0,0,0,0,0,0,0,0
529,Aleksandar Sedlar,rs SRB,DFMF,Mallorca,29,1991,10,3,404,4.5,0,0,0,0,0,0,5,1,0,0,0.1,0.1,2,12,0,0,0,0,0,0,0,0.01,0.01,0,0.01
530,Javier Serrano,es ESP,MF,Atlético Madrid,18,2003,5,1,68,0.8,0,0,0,0,0,0,1,1,0,0,0,0,0,2,1,0,0,0,0,0,0,0,0,0,0
531,Nicolás Serrano,es ESP,MFFW,Athletic Club,18,2003,14,3,317,3.5,1,0,1,1,0,0,0,0,0.4,0.4,0.1,0.5,13,7,26,0.28,0,0.28,0.28,0.28,0.12,0.02,0.14,0.12,0.14
532,Salva Sevilla,es ESP,MF,Mallorca,37,1984,28,17,1507,16.7,5,3,8,1,4,4,2,0,4.8,1.7,2.8,4.5,30,132,14,0.3,0.18,0.48,0.06,0.24,0.29,0.17,0.46,0.1,0.27
533,David Silva,es ESP,MF,Real Sociedad,35,1986,25,22,1720,19.1,2,4,6,2,0,0,4,1,3.1,3.1,4.5,7.5,65,147,105,0.1,0.21,0.31,0.1,0.31,0.16,0.24,0.39,0.16,0.39
534,Jonathan Silva,ar ARG,DFFW,Getafe,27,1994,9,1,226,2.5,0,0,0,0,0,0,4,0,0,0,0.1,0.2,5,11,9,0,0,0,0,0,0.01,0.05,0.06,0.01,0.06
535,Rui Silva,pt POR,GK,Betis,27,1994,22,21,1964,21.8,0,0,0,0,0,0,2,0,0,0,0,0,0,0,0,0,0,0,0,0,0,0,0,0,0
536,Giuliano Simeone,ar ARG,MF,Atlético Madrid,18,2002,1,0,1,0,0,0,0,0,0,0,0,0,0,0,0,0,0,0,2,0,0,0,0,0,0,0,0,0,0
537,Unai Simón,es ESP,GK,Athletic Club,24,1997,34,34,3060,34,0,0,0,0,0,0,3,0,0,0,0,0,0,0,0,0,0,0,0,0,0,0,0,0,0
538,Antonio Sivera,es ESP,GK,Alavés,24,1996,4,3,277,3.1,0,0,0,0,0,0,1,0,0,0,0,0,0,0,0,0,0,0,0,0,0,0,0,0,0
539,Rubén Sobrino,es ESP,MF,Valencia,29,1992,1,0,14,0.2,0,0,0,0,0,0,0,0,0,0,0,0,0,0,1,0,0,0,0,0,0,0,0,0,0
540,Rubén Sobrino,es ESP,FWMF,Cádiz,29,1992,33,19,1861,20.7,4,1,5,4,0,0,4,0,5.4,5.3,1.8,7.1,36,38,87,0.19,0.05,0.24,0.19,0.24,0.26,0.09,0.35,0.26,0.35
541,Alex Sola,es ESP,DFFW,Real Sociedad,22,1999,2,0,41,0.5,0,0,0,0,0,0,0,0,0.1,0.1,0.1,0.2,1,2,1,0,0,0,0,0,0.18,0.28,0.46,0.18,0.46
542,Augusto Solari,ar ARG,MFDF,Celta Vigo,29,1992,26,4,714,7.9,0,0,0,0,0,0,5,0,0.3,0.3,0.5,0.8,15,18,53,0,0,0,0,0,0.04,0.06,0.1,0.04,0.1
543,Roberto Soldado,es ESP,FW,Levante,36,1985,18,7,664,7.4,3,2,5,3,0,0,7,2,3.7,3.7,0.7,4.4,4,14,43,0.41,0.27,0.68,0.41,0.68,0.49,0.09,0.58,0.49,0.58
544,Carlos Soler,es ESP,MF,Valencia,24,1997,32,28,2474,27.5,11,5,16,4,7,7,4,0,9.1,3.5,4,7.6,40,101,89,0.4,0.18,0.58,0.15,0.33,0.33,0.15,0.48,0.13,0.28
545,Son,es ESP,DF,Levante,27,1994,26,22,1971,21.9,1,0,1,1,0,0,5,1,0.9,0.9,1.3,2.2,37,96,111,0.05,0,0.05,0.05,0.05,0.04,0.06,0.1,0.04,0.1
546,David Soria,es ESP,GK,Getafe,28,1993,38,38,3414,37.9,0,0,0,0,0,0,4,0,0,0,0,0,0,0,0,0,0,0,0,0,0,0,0,0,0
547,Alberto Soro,es ESP,MFFW,Granada,22,1999,16,7,578,6.4,0,0,0,0,0,0,0,0,0.8,0.8,0.5,1.3,8,21,35,0,0,0,0,0,0.12,0.08,0.2,0.12,0.2
548,Hugo Sotelo,es ESP,FW,Celta Vigo,17,2003,1,0,2,0,0,0,0,0,0,0,0,0,0,0,0,0,0,0,0,0,0,0,0,0,0,0,0,0,0
549,Damián Suárez,uy URU,DF,Getafe,33,1988,35,31,2711,30.1,0,3,3,0,0,0,13,0,0.4,0.4,3,3.4,33,116,96,0,0.1,0.1,0,0.1,0.01,0.1,0.11,0.01,0.11
550,Denis Suárez,es ESP,MF,Celta Vigo,27,1994,38,33,2819,31.3,4,6,10,4,0,0,4,0,2.2,2.2,4.4,6.6,100,216,78,0.13,0.19,0.32,0.13,0.32,0.07,0.14,0.21,0.07,0.21
551,Luis Suárez,uy URU,FW,Atlético Madrid,34,1987,35,20,1835,20.4,11,2,13,9,2,3,7,0,10,7.7,1.3,8.9,16,40,105,0.54,0.1,0.64,0.44,0.54,0.49,0.06,0.55,0.38,0.44
552,Mario Suárez,es ESP,DF,Rayo Vallecano,34,1987,14,8,712,7.9,0,0,0,0,0,0,2,0,1,1,0,1,5,24,2,0,0,0,0,0,0.12,0,0.13,0.12,0.13
553,Suso,es ESP,FW,Sevilla,27,1993,8,6,384,4.3,0,1,1,0,0,0,0,0,0.3,0.3,0.2,0.5,9,18,39,0,0.23,0.23,0,0.23,0.08,0.04,0.12,0.08,0.12
554,Mamadou Sylla,sn SEN,FWMF,Alavés,27,1994,13,4,394,4.4,0,0,0,0,0,0,1,0,0.4,0.4,0.1,0.5,5,4,29,0,0,0,0,0,0.1,0.03,0.12,0.1,0.12
555,Mamadou Sylla,sn SEN,FW,Rayo Vallecano,27,1994,12,1,253,2.8,0,0,0,0,0,0,2,0,1.1,1.1,0.3,1.4,6,8,19,0,0,0,0,0,0.39,0.11,0.51,0.39,0.51
556,Alexander Sørloth,no NOR,FW,Real Sociedad,25,1995,33,20,1763,19.6,4,0,4,4,0,0,2,0,5.9,5.9,3.4,9.4,55,33,112,0.2,0,0.2,0.2,0.2,0.3,0.18,0.48,0.3,0.48
557,Tachi,es ESP,DF,Alavés,23,1997,5,2,239,2.7,0,0,0,0,0,0,1,0,0,0,0.1,0.1,0,7,1,0,0,0,0,0,0,0.02,0.02,0,0.02
558,Renato Tapia,pe PER,MF,Celta Vigo,26,1995,29,13,1412,15.7,0,0,0,0,0,0,10,0,0.5,0.5,0.3,0.8,10,65,6,0,0,0,0,0,0.03,0.02,0.05,0.03,0.05
559,Cristian Tello,es ESP,FW,Betis,29,1991,23,5,819,9.1,2,2,4,2,0,0,2,0,1.7,1.7,1.7,3.3,31,25,86,0.22,0.22,0.44,0.22,0.44,0.19,0.18,0.37,0.19,0.37
560,Nahuel Tenaglia,ar ARG,DF,Alavés,25,1996,14,12,1073,11.9,0,0,0,0,0,0,2,0,0.3,0.3,0.1,0.4,17,42,15,0,0,0,0,0,0.02,0.01,0.03,0.02,0.03
561,Marc Tenas,es ESP,FWMF,Alavés,20,2001,3,0,54,0.6,0,0,0,0,0,0,2,0,0,0,0.2,0.2,0,0,4,0,0,0,0,0,0,0.35,0.35,0,0.35
562,Marc-André ter Stegen,de GER,GK,Barcelona,29,1992,35,35,3150,35,0,0,0,0,0,0,3,0,0,0,0.1,0.1,0,2,0,0,0,0,0,0,0,0,0,0,0
563,David Timor,es ESP,MF,Getafe,31,1989,7,3,341,3.8,0,0,0,0,0,0,2,0,0.2,0.2,0,0.2,0,20,3,0,0,0,0,0,0.05,0,0.05,0.05,0.05
564,Raúl de Tomás,es ESP,FW,Espanyol,26,1994,34,33,2914,32.4,17,3,20,12,5,5,7,2,15.1,11.2,1.6,12.8,44,86,191,0.53,0.09,0.62,0.37,0.46,0.47,0.05,0.52,0.34,0.39
565,Raúl Torrente,es ESP,DF,Granada,19,2001,18,15,1282,14.2,0,0,0,0,0,0,5,0,0.2,0.2,0.7,0.9,10,30,0,0,0,0,0,0,0.01,0.05,0.06,0.01,0.06
566,Ferrán Torres,es ESP,FW,Barcelona,21,2000,18,17,1412,15.7,4,4,8,3,1,1,1,0,7,6.2,3.1,9.4,34,53,215,0.25,0.25,0.51,0.19,0.45,0.45,0.2,0.65,0.4,0.6
567,Óliver Torres,es ESP,MFFW,Sevilla,26,1994,26,11,1008,11.2,2,3,5,2,0,0,2,0,0.7,0.7,1.4,2,24,76,52,0.18,0.27,0.45,0.18,0.45,0.06,0.12,0.18,0.06,0.18
568,Pau Torres,es ESP,DF,Villarreal,24,1997,33,33,2855,31.7,5,1,6,5,0,0,5,0,3,3,1.5,4.5,59,162,10,0.16,0.03,0.19,0.16,0.19,0.09,0.05,0.14,0.09,0.14
569,Roberto Torres,es ESP,MFFW,Osasuna,32,1989,28,6,809,9,2,2,4,0,2,2,3,0,2.1,0.5,2.3,2.8,7,35,50,0.22,0.22,0.44,0,0.22,0.23,0.25,0.48,0.06,0.31
570,Lucas Torró,es ESP,MF,Osasuna,27,1994,33,32,2725,30.3,1,0,1,1,0,0,10,0,1.6,1.6,0.6,2.2,18,156,27,0.03,0,0.03,0.03,0.03,0.05,0.02,0.07,0.05,0.07
571,Adama Traoré,es ESP,FW,Barcelona,25,1996,11,4,382,4.2,0,2,2,0,0,0,0,0,0.7,0.7,0.9,1.6,34,10,55,0,0.47,0.47,0,0.47,0.16,0.21,0.37,0.16,0.37
572,Óscar Trejo,ar ARG,MF,Rayo Vallecano,33,1988,32,24,2007,22.3,3,9,12,0,3,3,13,0,3.3,0.9,5,5.9,53,135,96,0.13,0.4,0.54,0,0.4,0.15,0.22,0.37,0.04,0.26
573,Manu Trigueros,es ESP,MFFW,Villarreal,29,1991,35,27,2178,24.2,6,4,10,6,0,0,3,0,5.7,5.7,2.6,8.3,30,185,96,0.25,0.17,0.41,0.25,0.41,0.24,0.11,0.34,0.24,0.34
574,Kieran Trippier,eng ENG,DFFW,Atlético Madrid,30,1990,15,12,976,10.8,0,0,0,0,0,0,1,0,0.1,0.1,0.3,0.4,14,80,70,0,0,0,0,0,0.01,0.03,0.04,0.01,0.04
575,Beñat Turrientes,es ESP,MF,Real Sociedad,19,2002,8,1,207,2.3,0,0,0,0,0,0,1,0,0.4,0.4,0.2,0.6,3,11,6,0,0,0,0,0,0.18,0.08,0.26,0.18,0.26
576,Samuel Umtiti,fr FRA,DF,Barcelona,27,1993,1,1,90,1,0,0,0,0,0,0,1,0,0,0,0,0,3,6,0,0,0,0,0,0,0,0,0,0,0
577,Enes Ünal,tr TUR,FW,Getafe,24,1997,37,33,2798,31.1,16,1,17,14,2,4,8,0,10.4,7.3,1.5,8.8,24,44,127,0.51,0.03,0.55,0.45,0.48,0.34,0.05,0.38,0.24,0.28
578,Myrto Uzuni,al ALB,FWMF,Granada,26,1995,15,9,856,9.5,1,1,2,1,0,0,4,0,1.1,1.1,0.9,2,14,12,37,0.11,0.11,0.21,0.11,0.21,0.12,0.1,0.21,0.12,0.21
579,Álvaro Vadillo,es ESP,DFMF,Espanyol,26,1994,3,0,7,0.1,0,0,0,0,0,0,1,0,0,0,0,0,2,1,2,0,0,0,0,0,0,0,0,0,0
580,Óscar Valentín,es ESP,MF,Rayo Vallecano,26,1994,35,29,2569,28.5,0,0,0,0,0,0,8,0,1.2,1.2,1,2.3,27,140,10,0,0,0,0,0,0.04,0.04,0.08,0.04,0.08
581,Germán Valera,es ESP,FW,Real Sociedad,19,2002,3,0,51,0.6,0,0,0,0,0,0,0,0,0,0,0,0,1,1,8,0,0,0,0,0,0.06,0,0.06,0.06,0.06
582,Martin Valjent,sk SVK,DF,Mallorca,25,1995,36,36,3181,35.3,0,0,0,0,0,0,4,0,0.3,0.3,0.7,1,25,70,5,0,0,0,0,0,0.01,0.02,0.03,0.01,0.03
583,Jesús Vallejo,es ESP,DF,Real Madrid,24,1997,5,4,341,3.8,0,0,0,0,0,0,1,0,0,0,0,0,0,1,0,0,0,0,0,0,0,0.01,0.01,0,0.01
584,Manu Vallejo,es ESP,MFFW,Alavés,24,1997,11,2,370,4.1,1,1,2,1,0,0,0,0,0.7,0.7,0.3,1,5,8,25,0.24,0.24,0.49,0.24,0.49,0.16,0.08,0.24,0.16,0.24
585,Manu Vallejo,es ESP,FWMF,Valencia,24,1997,9,0,98,1.1,0,0,0,0,0,0,3,0,0.2,0.2,0.1,0.2,2,1,6,0,0,0,0,0,0.14,0.09,0.23,0.14,0.23
586,Federico Valverde,uy URU,MF,Real Madrid,23,1998,31,19,1833,20.4,0,1,1,0,0,0,2,0,0.9,0.9,1.7,2.6,76,129,86,0,0.05,0.05,0,0.05,0.05,0.08,0.13,0.05,0.13
587,José Luis García Vayá,es ESP,MF,Levante,22,1998,29,23,2012,22.4,0,0,0,0,0,0,9,0,0.6,0.6,2.2,2.8,24,130,24,0,0,0,0,0,0.02,0.1,0.12,0.02,0.12
588,Jesus Vazquez,es ESP,DF,Valencia,18,2003,15,8,813,9,0,0,0,0,0,0,0,0,0.6,0.6,0.2,0.8,26,21,38,0,0,0,0,0,0.06,0.02,0.08,0.06,0.08
589,Kevin Vázquez,es ESP,DF,Celta Vigo,28,1993,17,16,1334,14.8,0,1,1,0,0,0,3,0,0.4,0.4,1.2,1.6,15,44,80,0,0.07,0.07,0,0.07,0.03,0.08,0.11,0.03,0.11
590,Lucas Vázquez,es ESP,DF,Real Madrid,30,1991,29,20,1833,20.4,3,0,3,3,0,0,3,0,2.2,2.2,2.5,4.7,58,108,156,0.15,0,0.15,0.15,0.15,0.11,0.12,0.23,0.11,0.23
591,Gabriel Veiga,es ESP,MF,Celta Vigo,19,2002,7,0,108,1.2,0,0,0,0,0,0,0,0,0,0,0,0.1,5,9,4,0,0,0,0,0,0.03,0.02,0.05,0.03,0.05
592,Unai Vencedor Paris,es ESP,MF,Athletic Club,20,2000,34,29,2383,26.5,0,0,0,0,0,0,4,0,0.9,0.9,0.7,1.6,16,180,20,0,0,0,0,0,0.03,0.02,0.06,0.03,0.06
593,Gonzalo Verdú,es ESP,DF,Elche,32,1988,19,16,1397,15.5,0,0,0,0,0,0,11,0,0.1,0.1,0,0.1,1,23,0,0,0,0,0,0,0,0,0,0,0
594,Mikel Vesga,es ESP,MF,Athletic Club,28,1993,32,17,1358,15.1,2,0,2,2,0,0,7,2,1,1,0.9,1.9,16,95,15,0.13,0,0.13,0.13,0.13,0.07,0.06,0.13,0.07,0.13
595,Rúben Vezo,pt POR,DF,Levante,27,1994,32,27,2420,26.9,0,0,0,0,0,0,4,0,0.6,0.6,0.5,1.1,21,87,8,0,0,0,0,0,0.02,0.02,0.04,0.02,0.04
596,Aleix Vidal,es ESP,DFMF,Espanyol,31,1989,31,21,1901,21.1,2,0,2,2,0,0,10,0,0.7,0.7,2.3,3,44,78,120,0.09,0,0.09,0.09,0.09,0.03,0.11,0.14,0.03,0.14
597,Nacho Vidal,es ESP,DF,Osasuna,26,1995,35,33,2902,32.2,0,1,1,0,0,0,9,0,1.2,1.2,2.2,3.4,31,93,80,0,0.03,0.03,0,0.03,0.04,0.07,0.1,0.04,0.1
598,Dídac Vilà,es ESP,DFMF,Espanyol,32,1989,9,1,203,2.3,0,0,0,0,0,0,3,0,0,0,0.1,0.1,1,4,10,0,0,0,0,0,0,0.04,0.04,0,0.04
599,Tonny Vilhena,nl NED,MFFW,Espanyol,26,1995,17,13,928,10.3,1,1,2,1,0,0,4,0,0.8,0.8,0.9,1.8,17,29,60,0.1,0.1,0.19,0.1,0.19,0.08,0.09,0.17,0.08,0.17
600,Daniel Villahermosa,es ESP,MF,Espanyol,20,2001,1,0,23,0.3,0,0,0,0,0,0,0,0,0,0,0,0,1,1,0,0,0,0,0,0,0,0,0,0,0
601,Asier Villalibre,es ESP,FW,Athletic Club,23,1997,19,3,548,6.1,2,0,2,2,0,0,0,0,2.4,2.4,0.1,2.5,12,3,49,0.33,0,0.33,0.33,0.33,0.4,0.02,0.41,0.4,0.41
602,Gonzalo Villar,es ESP,MF,Getafe,23,1998,10,2,298,3.3,0,1,1,0,0,0,0,0,0.4,0.4,0.3,0.7,7,14,5,0,0.3,0.3,0,0.3,0.12,0.11,0.23,0.12,0.23
603,Vitolo,es ESP,MF,Getafe,31,1989,7,1,221,2.5,0,0,0,0,0,0,0,0,0,0,0.1,0.2,8,13,22,0,0,0,0,0,0.01,0.06,0.06,0.01,0.06
604,Daniel Vivian,es ESP,DF,Athletic Club,22,1999,24,22,1986,22.1,2,1,3,2,0,0,2,0,1.3,1.3,0.5,1.8,3,56,2,0.09,0.05,0.14,0.09,0.14,0.06,0.02,0.08,0.06,0.08
605,Šime Vrsaljko,hr CRO,DF,Atlético Madrid,29,1992,21,10,914,10.2,1,2,3,1,0,0,4,0,1.3,1.3,0.5,1.7,27,45,39,0.1,0.2,0.3,0.1,0.3,0.12,0.05,0.17,0.12,0.17
606,Nikola Vukčević,me MNE,MF,Levante,29,1991,6,0,118,1.3,0,0,0,0,0,0,1,0,0,0,0,0,2,9,0,0,0,0,0,0,0.01,0.03,0.04,0.01,0.04
607,Daniel Wass,dk DEN,DFFW,Atlético Madrid,32,1989,1,0,45,0.5,0,0,0,0,0,0,1,0,0,0,0,0,1,1,2,0,0,0,0,0,0,0,0,0,0
608,Daniel Wass,dk DEN,MF,Valencia,32,1989,19,19,1582,17.6,1,1,2,1,0,0,6,0,1.8,1.8,0.6,2.5,13,77,22,0.06,0.06,0.11,0.06,0.11,0.1,0.04,0.14,0.1,0.14
609,Iñaki Williams,gh GHA,FW,Athletic Club,27,1994,38,32,2777,30.9,8,5,13,7,1,1,4,0,14.1,13.3,5.7,19,76,45,316,0.26,0.16,0.42,0.23,0.39,0.46,0.18,0.64,0.43,0.61
610,Nico Williams,es ESP,MF,Athletic Club,19,2002,34,11,1337,14.9,0,0,0,0,0,0,4,0,2.6,2.6,1.5,4.1,82,27,147,0,0,0,0,0,0.17,0.1,0.27,0.17,0.27
611,Okay Yokuşlu,tr TUR,DFMF,Getafe,27,1994,11,5,465,5.2,0,0,0,0,0,0,1,0,0.3,0.3,0,0.3,2,8,2,0,0,0,0,0,0.05,0,0.05,0.05,0.05
612,Okay Yokuşlu,tr TUR,DFMF,Celta Vigo,27,1994,8,1,140,1.6,0,0,0,0,0,0,0,0,0.1,0.1,0,0.1,0,5,0,0,0,0,0,0,0.05,0,0.05,0.05,0.05
613,Joseba Zaldúa,es ESP,DF,Real Sociedad,29,1992,24,14,1172,13,0,0,0,0,0,0,6,0,0.1,0.1,0.2,0.3,17,37,57,0,0,0,0,0,0.01,0.02,0.02,0.01,0.02
614,Oier Zarraga,es ESP,MF,Athletic Club,22,1999,31,8,1166,13,1,0,1,0,1,1,5,0,1.3,0.5,0.2,0.7,24,74,37,0.08,0,0.08,0,0,0.1,0.01,0.12,0.04,0.05
615,Luca Zidane,fr FRA,GK,Rayo Vallecano,23,1998,8,8,645,7.2,0,0,0,0,0,0,0,1,0,0,0,0,0,0,0,0,0,0,0,0,0,0,0,0,0
616,Igor Zubeldia,es ESP,DF,Real Sociedad,24,1997,26,19,1648,18.3,0,1,1,0,0,0,7,0,0.6,0.6,1,1.6,8,63,3,0,0.05,0.05,0,0.05,0.03,0.05,0.09,0.03,0.09
617,Martín Zubimendi,es ESP,MF,Real Sociedad,22,1999,36,26,2591,28.8,2,1,3,2,0,0,4,0,2.2,2.2,0.6,2.8,24,129,23,0.07,0.03,0.1,0.07,0.1,0.08,0.02,0.1,0.08,0.1
